ts,te,td,sa,da,sp,dp,pr,flg,fwd,stos,ipkt,ibyt,opkt,obyt,in,out,sas,das,smk,dmk,dtos,dir,nh,nhb,svln,dvln,ismc,odmc,idmc,osmc,mpls1,mpls2,mpls3,mpls4,mpls5,mpls6,mpls7,mpls8,mpls9,mpls10,cl,sl,al,ra,eng,exid,tr
2022-10-10 09:59:15,2022-10-10 10:00:16,61.695,192.168.1.16,192.168.1.30,39204,1716,TCP,...A....,0,0,13,676,13,676,0,0,0,0,0,0,0,0,0.0.0.0,0.0.0.0,0,0,00:00:00:00:00:00,00:00:00:00:00:00,00:00:00:00:00:00,00:00:00:00:00:00,0-0-0,0-0-0,0-0-0,0-0-0,0-0-0,0-0-0,0-0-0,0-0-0,0-0-0,0-0-0,    0.000,    0.000,    0.000,0.0.0.0,0/0,1,1970-01-01 02:00:00.000
2022-10-10 09:59:16,2022-10-10 09:59:19,3.072,192.168.1.231,239.255.255.250,61122,1900,UDP,........,0,0,4,812,0,0,0,0,0,0,0,0,0,0,0.0.0.0,0.0.0.0,0,0,00:00:00:00:00:00,00:00:00:00:00:00,00:00:00:00:00:00,00:00:00:00:00:00,0-0-0,0-0-0,0-0-0,0-0-0,0-0-0,0-0-0,0-0-0,0-0-0,0-0-0,0-0-0,    0.000,    0.000,    0.000,0.0.0.0,0/0,1,1970-01-01 02:00:00.000
2022-10-10 09:59:16,2022-10-10 09:59:18,1.951,192.168.1.231,239.255.255.250,49619,1900,UDP,........,0,0,3,609,0,0,0,0,0,0,0,0,0,0,0.0.0.0,0.0.0.0,0,0,00:00:00:00:00:00,00:00:00:00:00:00,00:00:00:00:00:00,00:00:00:00:00:00,0-0-0,0-0-0,0-0-0,0-0-0,0-0-0,0-0-0,0-0-0,0-0-0,0-0-0,0-0-0,    0.000,    0.000,    0.000,0.0.0.0,0/0,1,1970-01-01 02:00:00.000
2022-10-10 09:59:16,2022-10-10 10:00:16,60.061,192.168.1.30,62.138.18.69,46636,443,TCP,...AP...,0,0,4,264,4,256,0,0,0,0,0,0,0,0,0.0.0.0,0.0.0.0,0,0,00:00:00:00:00:00,00:00:00:00:00:00,00:00:00:00:00:00,00:00:00:00:00:00,0-0-0,0-0-0,0-0-0,0-0-0,0-0-0,0-0-0,0-0-0,0-0-0,0-0-0,0-0-0,    0.000,    0.000,    0.000,0.0.0.0,0/0,1,1970-01-01 02:00:00.000
2022-10-10 09:59:17,2022-10-10 09:59:18,0.868,192.168.1.30,192.168.1.254,60127,53,UDP,........,0,0,1,59,1,122,0,0,0,0,0,0,0,0,0.0.0.0,0.0.0.0,0,0,00:00:00:00:00:00,00:00:00:00:00:00,00:00:00:00:00:00,00:00:00:00:00:00,0-0-0,0-0-0,0-0-0,0-0-0,0-0-0,0-0-0,0-0-0,0-0-0,0-0-0,0-0-0,    0.000,    0.000,    0.000,0.0.0.0,0/0,1,1970-01-01 02:00:00.000
2022-10-10 09:59:18,2022-10-10 09:59:18,0.596,192.168.1.30,62.169.213.169,35190,443,TCP,...APRSF,0,0,115,21313,115,58004,0,0,0,0,0,0,0,0,0.0.0.0,0.0.0.0,0,0,00:00:00:00:00:00,00:00:00:00:00:00,00:00:00:00:00:00,00:00:00:00:00:00,0-0-0,0-0-0,0-0-0,0-0-0,0-0-0,0-0-0,0-0-0,0-0-0,0-0-0,0-0-0,    0.000,    0.000,    0.000,0.0.0.0,0/0,1,1970-01-01 02:00:00.000
2022-10-10 09:59:18,2022-10-10 09:59:19,0.491,192.168.1.30,62.169.213.169,35192,443,TCP,...APRSF,0,0,111,20881,113,53249,0,0,0,0,0,0,0,0,0.0.0.0,0.0.0.0,0,0,00:00:00:00:00:00,00:00:00:00:00:00,00:00:00:00:00:00,00:00:00:00:00:00,0-0-0,0-0-0,0-0-0,0-0-0,0-0-0,0-0-0,0-0-0,0-0-0,0-0-0,0-0-0,    0.000,    0.000,    0.000,0.0.0.0,0/0,1,1970-01-01 02:00:00.000
2022-10-10 09:59:19,2022-10-10 09:59:19,0.527,192.168.1.30,62.169.213.169,35194,443,TCP,...APRSF,0,0,111,21155,112,53197,0,0,0,0,0,0,0,0,0.0.0.0,0.0.0.0,0,0,00:00:00:00:00:00,00:00:00:00:00:00,00:00:00:00:00:00,00:00:00:00:00:00,0-0-0,0-0-0,0-0-0,0-0-0,0-0-0,0-0-0,0-0-0,0-0-0,0-0-0,0-0-0,    0.000,    0.000,    0.000,0.0.0.0,0/0,1,1970-01-01 02:00:00.000
2022-10-10 09:59:19,2022-10-10 09:59:20,0.687,192.168.1.30,62.169.213.169,35196,443,TCP,...APRSF,0,0,111,21354,112,53197,0,0,0,0,0,0,0,0,0.0.0.0,0.0.0.0,0,0,00:00:00:00:00:00,00:00:00:00:00:00,00:00:00:00:00:00,00:00:00:00:00:00,0-0-0,0-0-0,0-0-0,0-0-0,0-0-0,0-0-0,0-0-0,0-0-0,0-0-0,0-0-0,    0.000,    0.000,    0.000,0.0.0.0,0/0,1,1970-01-01 02:00:00.000
2022-10-10 09:59:19,2022-10-10 09:59:20,0.066,192.168.1.30,62.138.18.69,47424,443,TCP,...APR.F,0,0,6,288,4,232,0,0,0,0,0,0,0,0,0.0.0.0,0.0.0.0,0,0,00:00:00:00:00:00,00:00:00:00:00:00,00:00:00:00:00:00,00:00:00:00:00:00,0-0-0,0-0-0,0-0-0,0-0-0,0-0-0,0-0-0,0-0-0,0-0-0,0-0-0,0-0-0,    0.000,    0.000,    0.000,0.0.0.0,0/0,1,1970-01-01 02:00:00.000
2022-10-10 09:59:20,2022-10-10 09:59:24,3.994,192.168.1.19,255.255.255.255,10066,10066,UDP,........,0,0,5,340,0,0,0,0,0,0,0,0,0,0,0.0.0.0,0.0.0.0,0,0,00:00:00:00:00:00,00:00:00:00:00:00,00:00:00:00:00:00,00:00:00:00:00:00,0-0-0,0-0-0,0-0-0,0-0-0,0-0-0,0-0-0,0-0-0,0-0-0,0-0-0,0-0-0,    0.000,    0.000,    0.000,0.0.0.0,0/0,1,1970-01-01 02:00:00.000
2022-10-10 09:59:20,2022-10-10 09:59:21,0.775,192.168.1.30,62.169.213.169,35198,443,TCP,...APRSF,0,0,114,21308,113,53425,0,0,0,0,0,0,0,0,0.0.0.0,0.0.0.0,0,0,00:00:00:00:00:00,00:00:00:00:00:00,00:00:00:00:00:00,00:00:00:00:00:00,0-0-0,0-0-0,0-0-0,0-0-0,0-0-0,0-0-0,0-0-0,0-0-0,0-0-0,0-0-0,    0.000,    0.000,    0.000,0.0.0.0,0/0,1,1970-01-01 02:00:00.000
2022-10-10 09:59:21,2022-10-10 09:59:21,0.477,192.168.1.30,62.169.213.169,35200,443,TCP,...APRSF,0,0,114,21278,114,53301,0,0,0,0,0,0,0,0,0.0.0.0,0.0.0.0,0,0,00:00:00:00:00:00,00:00:00:00:00:00,00:00:00:00:00:00,00:00:00:00:00:00,0-0-0,0-0-0,0-0-0,0-0-0,0-0-0,0-0-0,0-0-0,0-0-0,0-0-0,0-0-0,    0.000,    0.000,    0.000,0.0.0.0,0/0,1,1970-01-01 02:00:00.000
2022-10-10 09:59:21,2022-10-10 09:59:22,0.430,192.168.1.30,62.169.213.169,35202,443,TCP,...APRSF,0,0,111,21041,112,53197,0,0,0,0,0,0,0,0,0.0.0.0,0.0.0.0,0,0,00:00:00:00:00:00,00:00:00:00:00:00,00:00:00:00:00:00,00:00:00:00:00:00,0-0-0,0-0-0,0-0-0,0-0-0,0-0-0,0-0-0,0-0-0,0-0-0,0-0-0,0-0-0,    0.000,    0.000,    0.000,0.0.0.0,0/0,1,1970-01-01 02:00:00.000
2022-10-10 09:59:22,2022-10-10 09:59:22,0.575,192.168.1.30,62.169.213.169,35204,443,TCP,...APRSF,0,0,114,21257,112,53197,0,0,0,0,0,0,0,0,0.0.0.0,0.0.0.0,0,0,00:00:00:00:00:00,00:00:00:00:00:00,00:00:00:00:00:00,00:00:00:00:00:00,0-0-0,0-0-0,0-0-0,0-0-0,0-0-0,0-0-0,0-0-0,0-0-0,0-0-0,0-0-0,    0.000,    0.000,    0.000,0.0.0.0,0/0,1,1970-01-01 02:00:00.000
2022-10-10 09:59:22,2022-10-10 09:59:23,0.833,192.168.1.30,192.168.1.254,59202,53,UDP,........,0,0,1,59,1,122,0,0,0,0,0,0,0,0,0.0.0.0,0.0.0.0,0,0,00:00:00:00:00:00,00:00:00:00:00:00,00:00:00:00:00:00,00:00:00:00:00:00,0-0-0,0-0-0,0-0-0,0-0-0,0-0-0,0-0-0,0-0-0,0-0-0,0-0-0,0-0-0,    0.000,    0.000,    0.000,0.0.0.0,0/0,1,1970-01-01 02:00:00.000
2022-10-10 09:59:22,2022-10-10 09:59:23,0.466,192.168.1.30,62.169.213.169,35208,443,TCP,...APRSF,0,0,111,21190,110,53093,0,0,0,0,0,0,0,0,0.0.0.0,0.0.0.0,0,0,00:00:00:00:00:00,00:00:00:00:00:00,00:00:00:00:00:00,00:00:00:00:00:00,0-0-0,0-0-0,0-0-0,0-0-0,0-0-0,0-0-0,0-0-0,0-0-0,0-0-0,0-0-0,    0.000,    0.000,    0.000,0.0.0.0,0/0,1,1970-01-01 02:00:00.000
2022-10-10 09:59:23,2022-10-10 09:59:26,2.970,192.168.1.16,239.255.255.250,38388,1900,UDP,........,0,0,3,585,0,0,0,0,0,0,0,0,0,0,0.0.0.0,0.0.0.0,0,0,00:00:00:00:00:00,00:00:00:00:00:00,00:00:00:00:00:00,00:00:00:00:00:00,0-0-0,0-0-0,0-0-0,0-0-0,0-0-0,0-0-0,0-0-0,0-0-0,0-0-0,0-0-0,    0.000,    0.000,    0.000,0.0.0.0,0/0,1,1970-01-01 02:00:00.000
2022-10-10 09:59:23,2022-10-10 09:59:23,0.438,192.168.1.30,62.169.213.169,35210,443,TCP,...APRSF,0,0,114,21362,115,53443,0,0,0,0,0,0,0,0,0.0.0.0,0.0.0.0,0,0,00:00:00:00:00:00,00:00:00:00:00:00,00:00:00:00:00:00,00:00:00:00:00:00,0-0-0,0-0-0,0-0-0,0-0-0,0-0-0,0-0-0,0-0-0,0-0-0,0-0-0,0-0-0,    0.000,    0.000,    0.000,0.0.0.0,0/0,1,1970-01-01 02:00:00.000
2022-10-10 09:59:23,2022-10-10 09:59:31,8.324,192.168.1.30,62.169.213.169,35212,443,TCP,...AP.SF,0,0,17,3064,17,8064,0,0,0,0,0,0,0,0,0.0.0.0,0.0.0.0,0,0,00:00:00:00:00:00,00:00:00:00:00:00,00:00:00:00:00:00,00:00:00:00:00:00,0-0-0,0-0-0,0-0-0,0-0-0,0-0-0,0-0-0,0-0-0,0-0-0,0-0-0,0-0-0,    0.000,    0.000,    0.000,0.0.0.0,0/0,1,1970-01-01 02:00:00.000
2022-10-10 09:59:23,2022-10-10 09:59:23,0.351,192.168.1.30,62.169.213.169,35214,443,TCP,...APRSF,0,0,111,21230,116,53491,0,0,0,0,0,0,0,0,0.0.0.0,0.0.0.0,0,0,00:00:00:00:00:00,00:00:00:00:00:00,00:00:00:00:00:00,00:00:00:00:00:00,0-0-0,0-0-0,0-0-0,0-0-0,0-0-0,0-0-0,0-0-0,0-0-0,0-0-0,0-0-0,    0.000,    0.000,    0.000,0.0.0.0,0/0,1,1970-01-01 02:00:00.000
2022-10-10 09:59:23,2022-10-10 09:59:24,0.696,192.168.1.30,62.169.213.169,35216,443,TCP,...APRSF,0,0,116,21493,122,53815,0,0,0,0,0,0,0,0,0.0.0.0,0.0.0.0,0,0,00:00:00:00:00:00,00:00:00:00:00:00,00:00:00:00:00:00,00:00:00:00:00:00,0-0-0,0-0-0,0-0-0,0-0-0,0-0-0,0-0-0,0-0-0,0-0-0,0-0-0,0-0-0,    0.000,    0.000,    0.000,0.0.0.0,0/0,1,1970-01-01 02:00:00.000
2022-10-10 09:59:24,2022-10-10 09:59:24,0.353,192.168.1.30,62.169.213.169,35218,443,TCP,...APRSF,0,0,111,21221,121,53665,0,0,0,0,0,0,0,0,0.0.0.0,0.0.0.0,0,0,00:00:00:00:00:00,00:00:00:00:00:00,00:00:00:00:00:00,00:00:00:00:00:00,0-0-0,0-0-0,0-0-0,0-0-0,0-0-0,0-0-0,0-0-0,0-0-0,0-0-0,0-0-0,    0.000,    0.000,    0.000,0.0.0.0,0/0,1,1970-01-01 02:00:00.000
2022-10-10 09:59:24,2022-10-10 09:59:25,0.450,192.168.1.30,62.169.213.169,35220,443,TCP,...APRSF,0,0,111,21121,118,53509,0,0,0,0,0,0,0,0,0.0.0.0,0.0.0.0,0,0,00:00:00:00:00:00,00:00:00:00:00:00,00:00:00:00:00:00,00:00:00:00:00:00,0-0-0,0-0-0,0-0-0,0-0-0,0-0-0,0-0-0,0-0-0,0-0-0,0-0-0,0-0-0,    0.000,    0.000,    0.000,0.0.0.0,0/0,1,1970-01-01 02:00:00.000
2022-10-10 09:59:25,2022-10-10 09:59:25,0.317,192.168.1.30,62.169.213.169,35222,443,TCP,...APRSF,0,0,112,21258,114,53385,0,0,0,0,0,0,0,0,0.0.0.0,0.0.0.0,0,0,00:00:00:00:00:00,00:00:00:00:00:00,00:00:00:00:00:00,00:00:00:00:00:00,0-0-0,0-0-0,0-0-0,0-0-0,0-0-0,0-0-0,0-0-0,0-0-0,0-0-0,0-0-0,    0.000,    0.000,    0.000,0.0.0.0,0/0,1,1970-01-01 02:00:00.000
2022-10-10 09:59:25,2022-10-10 09:59:26,0.399,192.168.1.30,62.169.213.169,35224,443,TCP,...APRSF,0,0,112,21175,115,53353,0,0,0,0,0,0,0,0,0.0.0.0,0.0.0.0,0,0,00:00:00:00:00:00,00:00:00:00:00:00,00:00:00:00:00:00,00:00:00:00:00:00,0-0-0,0-0-0,0-0-0,0-0-0,0-0-0,0-0-0,0-0-0,0-0-0,0-0-0,0-0-0,    0.000,    0.000,    0.000,0.0.0.0,0/0,1,1970-01-01 02:00:00.000
2022-10-10 09:59:26,2022-10-10 09:59:26,0.293,192.168.1.30,62.169.213.169,35226,443,TCP,...APRSF,0,0,115,21302,117,53457,0,0,0,0,0,0,0,0,0.0.0.0,0.0.0.0,0,0,00:00:00:00:00:00,00:00:00:00:00:00,00:00:00:00:00:00,00:00:00:00:00:00,0-0-0,0-0-0,0-0-0,0-0-0,0-0-0,0-0-0,0-0-0,0-0-0,0-0-0,0-0-0,    0.000,    0.000,    0.000,0.0.0.0,0/0,1,1970-01-01 02:00:00.000
2022-10-10 09:59:26,2022-10-10 09:59:26,0.288,192.168.1.30,62.169.213.169,35228,443,TCP,...APRSF,0,0,115,21282,118,53509,0,0,0,0,0,0,0,0,0.0.0.0,0.0.0.0,0,0,00:00:00:00:00:00,00:00:00:00:00:00,00:00:00:00:00:00,00:00:00:00:00:00,0-0-0,0-0-0,0-0-0,0-0-0,0-0-0,0-0-0,0-0-0,0-0-0,0-0-0,0-0-0,    0.000,    0.000,    0.000,0.0.0.0,0/0,1,1970-01-01 02:00:00.000
2022-10-10 09:59:26,2022-10-10 09:59:27,0.368,192.168.1.30,62.169.213.169,35230,443,TCP,...APRSF,0,0,114,21191,116,53405,0,0,0,0,0,0,0,0,0.0.0.0,0.0.0.0,0,0,00:00:00:00:00:00,00:00:00:00:00:00,00:00:00:00:00:00,00:00:00:00:00:00,0-0-0,0-0-0,0-0-0,0-0-0,0-0-0,0-0-0,0-0-0,0-0-0,0-0-0,0-0-0,    0.000,    0.000,    0.000,0.0.0.0,0/0,1,1970-01-01 02:00:00.000
2022-10-10 09:59:27,2022-10-10 09:59:27,0.322,192.168.1.30,62.169.213.169,35232,443,TCP,...APRSF,0,0,115,21194,121,53665,0,0,0,0,0,0,0,0,0.0.0.0,0.0.0.0,0,0,00:00:00:00:00:00,00:00:00:00:00:00,00:00:00:00:00:00,00:00:00:00:00:00,0-0-0,0-0-0,0-0-0,0-0-0,0-0-0,0-0-0,0-0-0,0-0-0,0-0-0,0-0-0,    0.000,    0.000,    0.000,0.0.0.0,0/0,1,1970-01-01 02:00:00.000
2022-10-10 09:59:27,2022-10-10 09:59:27,0.467,192.168.1.30,62.169.213.169,35234,443,TCP,...APRSF,0,0,111,21283,115,53901,0,0,0,0,0,0,0,0,0.0.0.0,0.0.0.0,0,0,00:00:00:00:00:00,00:00:00:00:00:00,00:00:00:00:00:00,00:00:00:00:00:00,0-0-0,0-0-0,0-0-0,0-0-0,0-0-0,0-0-0,0-0-0,0-0-0,0-0-0,0-0-0,    0.000,    0.000,    0.000,0.0.0.0,0/0,1,1970-01-01 02:00:00.000
2022-10-10 09:59:27,2022-10-10 09:59:27,0.021,192.168.1.30,192.168.1.254,51709,53,UDP,........,0,0,1,61,1,539,0,0,0,0,0,0,0,0,0.0.0.0,0.0.0.0,0,0,00:00:00:00:00:00,00:00:00:00:00:00,00:00:00:00:00:00,00:00:00:00:00:00,0-0-0,0-0-0,0-0-0,0-0-0,0-0-0,0-0-0,0-0-0,0-0-0,0-0-0,0-0-0,    0.000,    0.000,    0.000,0.0.0.0,0/0,1,1970-01-01 02:00:00.000
2022-10-10 09:59:27,2022-10-10 09:59:27,0.026,192.168.1.30,192.168.1.254,42767,53,UDP,........,0,0,1,61,1,455,0,0,0,0,0,0,0,0,0.0.0.0,0.0.0.0,0,0,00:00:00:00:00:00,00:00:00:00:00:00,00:00:00:00:00:00,00:00:00:00:00:00,0-0-0,0-0-0,0-0-0,0-0-0,0-0-0,0-0-0,0-0-0,0-0-0,0-0-0,0-0-0,    0.000,    0.000,    0.000,0.0.0.0,0/0,1,1970-01-01 02:00:00.000
2022-10-10 09:59:27,2022-10-10 09:59:28,0.309,192.168.1.30,62.169.213.169,35236,443,TCP,...APRSF,0,0,114,21118,118,53509,0,0,0,0,0,0,0,0,0.0.0.0,0.0.0.0,0,0,00:00:00:00:00:00,00:00:00:00:00:00,00:00:00:00:00:00,00:00:00:00:00:00,0-0-0,0-0-0,0-0-0,0-0-0,0-0-0,0-0-0,0-0-0,0-0-0,0-0-0,0-0-0,    0.000,    0.000,    0.000,0.0.0.0,0/0,1,1970-01-01 02:00:00.000
2022-10-10 09:59:27,2022-10-10 09:59:28,0.914,192.168.1.30,142.250.187.110,46318,443,TCP,...AP.SF,0,0,590,34303,1237,1763459,0,0,0,0,0,0,0,0,0.0.0.0,0.0.0.0,0,0,00:00:00:00:00:00,00:00:00:00:00:00,00:00:00:00:00:00,00:00:00:00:00:00,0-0-0,0-0-0,0-0-0,0-0-0,0-0-0,0-0-0,0-0-0,0-0-0,0-0-0,0-0-0,    0.000,    0.000,    0.000,0.0.0.0,0/0,1,1970-01-01 02:00:00.000
2022-10-10 09:59:28,2022-10-10 10:00:10,42.093,192.168.1.30,142.250.187.110,52757,443,UDP,........,0,0,305,48563,817,1000180,0,0,0,0,0,0,0,0,0.0.0.0,0.0.0.0,0,0,00:00:00:00:00:00,00:00:00:00:00:00,00:00:00:00:00:00,00:00:00:00:00:00,0-0-0,0-0-0,0-0-0,0-0-0,0-0-0,0-0-0,0-0-0,0-0-0,0-0-0,0-0-0,    0.000,    0.000,    0.000,0.0.0.0,0/0,1,1970-01-01 02:00:00.000
2022-10-10 09:59:28,2022-10-10 09:59:28,0.367,192.168.1.30,34.120.208.123,58440,443,TCP,...AP...,0,0,8,1866,8,634,0,0,0,0,0,0,0,0,0.0.0.0,0.0.0.0,0,0,00:00:00:00:00:00,00:00:00:00:00:00,00:00:00:00:00:00,00:00:00:00:00:00,0-0-0,0-0-0,0-0-0,0-0-0,0-0-0,0-0-0,0-0-0,0-0-0,0-0-0,0-0-0,    0.000,    0.000,    0.000,0.0.0.0,0/0,1,1970-01-01 02:00:00.000
2022-10-10 09:59:28,2022-10-10 09:59:28,0.824,192.168.1.30,62.169.213.169,35238,443,TCP,...APRSF,0,0,114,21296,116,53489,0,0,0,0,0,0,0,0,0.0.0.0,0.0.0.0,0,0,00:00:00:00:00:00,00:00:00:00:00:00,00:00:00:00:00:00,00:00:00:00:00:00,0-0-0,0-0-0,0-0-0,0-0-0,0-0-0,0-0-0,0-0-0,0-0-0,0-0-0,0-0-0,    0.000,    0.000,    0.000,0.0.0.0,0/0,1,1970-01-01 02:00:00.000
2022-10-10 09:59:28,2022-10-10 09:59:28,0.028,192.168.1.30,192.168.1.254,42929,53,UDP,........,0,0,1,57,1,424,0,0,0,0,0,0,0,0,0.0.0.0,0.0.0.0,0,0,00:00:00:00:00:00,00:00:00:00:00:00,00:00:00:00:00:00,00:00:00:00:00:00,0-0-0,0-0-0,0-0-0,0-0-0,0-0-0,0-0-0,0-0-0,0-0-0,0-0-0,0-0-0,    0.000,    0.000,    0.000,0.0.0.0,0/0,1,1970-01-01 02:00:00.000
2022-10-10 09:59:28,2022-10-10 09:59:28,0.024,192.168.1.30,192.168.1.254,35787,53,UDP,........,0,0,1,57,1,520,0,0,0,0,0,0,0,0,0.0.0.0,0.0.0.0,0,0,00:00:00:00:00:00,00:00:00:00:00:00,00:00:00:00:00:00,00:00:00:00:00:00,0-0-0,0-0-0,0-0-0,0-0-0,0-0-0,0-0-0,0-0-0,0-0-0,0-0-0,0-0-0,    0.000,    0.000,    0.000,0.0.0.0,0/0,1,1970-01-01 02:00:00.000
2022-10-10 09:59:28,2022-10-10 09:59:28,0.026,192.168.1.30,192.168.1.254,55501,53,UDP,........,0,0,1,66,1,349,0,0,0,0,0,0,0,0,0.0.0.0,0.0.0.0,0,0,00:00:00:00:00:00,00:00:00:00:00:00,00:00:00:00:00:00,00:00:00:00:00:00,0-0-0,0-0-0,0-0-0,0-0-0,0-0-0,0-0-0,0-0-0,0-0-0,0-0-0,0-0-0,    0.000,    0.000,    0.000,0.0.0.0,0/0,1,1970-01-01 02:00:00.000
2022-10-10 09:59:28,2022-10-10 09:59:28,0.007,192.168.1.30,192.168.1.254,33810,53,UDP,........,0,0,1,66,1,82,0,0,0,0,0,0,0,0,0.0.0.0,0.0.0.0,0,0,00:00:00:00:00:00,00:00:00:00:00:00,00:00:00:00:00:00,00:00:00:00:00:00,0-0-0,0-0-0,0-0-0,0-0-0,0-0-0,0-0-0,0-0-0,0-0-0,0-0-0,0-0-0,    0.000,    0.000,    0.000,0.0.0.0,0/0,1,1970-01-01 02:00:00.000
2022-10-10 09:59:28,2022-10-10 09:59:28,0.647,192.168.1.30,142.250.184.150,35488,443,TCP,...AP.SF,0,0,19,2132,13,6326,0,0,0,0,0,0,0,0,0.0.0.0,0.0.0.0,0,0,00:00:00:00:00:00,00:00:00:00:00:00,00:00:00:00:00:00,00:00:00:00:00:00,0-0-0,0-0-0,0-0-0,0-0-0,0-0-0,0-0-0,0-0-0,0-0-0,0-0-0,0-0-0,    0.000,    0.000,    0.000,0.0.0.0,0/0,1,1970-01-01 02:00:00.000
2022-10-10 09:59:28,2022-10-10 09:59:28,0.453,192.168.1.30,142.250.187.106,57070,443,TCP,...AP.SF,0,0,24,2467,21,8239,0,0,0,0,0,0,0,0,0.0.0.0,0.0.0.0,0,0,00:00:00:00:00:00,00:00:00:00:00:00,00:00:00:00:00:00,00:00:00:00:00:00,0-0-0,0-0-0,0-0-0,0-0-0,0-0-0,0-0-0,0-0-0,0-0-0,0-0-0,0-0-0,    0.000,    0.000,    0.000,0.0.0.0,0/0,1,1970-01-01 02:00:00.000
2022-10-10 09:59:28,2022-10-10 09:59:28,0.063,192.168.1.30,192.168.1.254,54278,53,UDP,........,0,0,1,59,1,358,0,0,0,0,0,0,0,0,0.0.0.0,0.0.0.0,0,0,00:00:00:00:00:00,00:00:00:00:00:00,00:00:00:00:00:00,00:00:00:00:00:00,0-0-0,0-0-0,0-0-0,0-0-0,0-0-0,0-0-0,0-0-0,0-0-0,0-0-0,0-0-0,    0.000,    0.000,    0.000,0.0.0.0,0/0,1,1970-01-01 02:00:00.000
2022-10-10 09:59:28,2022-10-10 10:00:22,54.587,192.168.1.30,172.217.17.99,47828,80,TCP,...AP.S.,0,0,15,2494,14,3542,0,0,0,0,0,0,0,0,0.0.0.0,0.0.0.0,0,0,00:00:00:00:00:00,00:00:00:00:00:00,00:00:00:00:00:00,00:00:00:00:00:00,0-0-0,0-0-0,0-0-0,0-0-0,0-0-0,0-0-0,0-0-0,0-0-0,0-0-0,0-0-0,    0.000,    0.000,    0.000,0.0.0.0,0/0,1,1970-01-01 02:00:00.000
2022-10-10 09:59:28,2022-10-10 09:59:33,4.799,192.168.1.30,142.250.187.106,48454,443,UDP,........,0,0,14,4125,23,6993,0,0,0,0,0,0,0,0,0.0.0.0,0.0.0.0,0,0,00:00:00:00:00:00,00:00:00:00:00:00,00:00:00:00:00:00,00:00:00:00:00:00,0-0-0,0-0-0,0-0-0,0-0-0,0-0-0,0-0-0,0-0-0,0-0-0,0-0-0,0-0-0,    0.000,    0.000,    0.000,0.0.0.0,0/0,1,1970-01-01 02:00:00.000
2022-10-10 09:59:28,2022-10-10 09:59:28,0.025,192.168.1.30,192.168.1.254,47951,53,UDP,........,0,0,1,63,1,79,0,0,0,0,0,0,0,0,0.0.0.0,0.0.0.0,0,0,00:00:00:00:00:00,00:00:00:00:00:00,00:00:00:00:00:00,00:00:00:00:00:00,0-0-0,0-0-0,0-0-0,0-0-0,0-0-0,0-0-0,0-0-0,0-0-0,0-0-0,0-0-0,    0.000,    0.000,    0.000,0.0.0.0,0/0,1,1970-01-01 02:00:00.000
2022-10-10 09:59:28,2022-10-10 09:59:28,0.025,192.168.1.30,192.168.1.254,33198,53,UDP,........,0,0,1,63,1,91,0,0,0,0,0,0,0,0,0.0.0.0,0.0.0.0,0,0,00:00:00:00:00:00,00:00:00:00:00:00,00:00:00:00:00:00,00:00:00:00:00:00,0-0-0,0-0-0,0-0-0,0-0-0,0-0-0,0-0-0,0-0-0,0-0-0,0-0-0,0-0-0,    0.000,    0.000,    0.000,0.0.0.0,0/0,1,1970-01-01 02:00:00.000
2022-10-10 09:59:28,2022-10-10 09:59:28,0.038,192.168.1.30,192.168.1.254,34842,53,UDP,........,0,0,1,65,1,329,0,0,0,0,0,0,0,0,0.0.0.0,0.0.0.0,0,0,00:00:00:00:00:00,00:00:00:00:00:00,00:00:00:00:00:00,00:00:00:00:00:00,0-0-0,0-0-0,0-0-0,0-0-0,0-0-0,0-0-0,0-0-0,0-0-0,0-0-0,0-0-0,    0.000,    0.000,    0.000,0.0.0.0,0/0,1,1970-01-01 02:00:00.000
2022-10-10 09:59:28,2022-10-10 09:59:28,0.045,192.168.1.30,192.168.1.254,53727,53,UDP,........,0,0,1,65,1,341,0,0,0,0,0,0,0,0,0.0.0.0,0.0.0.0,0,0,00:00:00:00:00:00,00:00:00:00:00:00,00:00:00:00:00:00,00:00:00:00:00:00,0-0-0,0-0-0,0-0-0,0-0-0,0-0-0,0-0-0,0-0-0,0-0-0,0-0-0,0-0-0,    0.000,    0.000,    0.000,0.0.0.0,0/0,1,1970-01-01 02:00:00.000
2022-10-10 09:59:28,2022-10-10 09:59:30,1.450,192.168.1.30,172.217.17.195,34052,443,TCP,...AP.SF,0,0,35,3332,40,40126,0,0,0,0,0,0,0,0,0.0.0.0,0.0.0.0,0,0,00:00:00:00:00:00,00:00:00:00:00:00,00:00:00:00:00:00,00:00:00:00:00:00,0-0-0,0-0-0,0-0-0,0-0-0,0-0-0,0-0-0,0-0-0,0-0-0,0-0-0,0-0-0,    0.000,    0.000,    0.000,0.0.0.0,0/0,1,1970-01-01 02:00:00.000
2022-10-10 09:59:28,2022-10-10 09:59:39,10.666,192.168.1.30,142.250.184.150,35387,443,UDP,........,0,0,269,26038,760,995818,0,0,0,0,0,0,0,0,0.0.0.0,0.0.0.0,0,0,00:00:00:00:00:00,00:00:00:00:00:00,00:00:00:00:00:00,00:00:00:00:00:00,0-0-0,0-0-0,0-0-0,0-0-0,0-0-0,0-0-0,0-0-0,0-0-0,0-0-0,0-0-0,    0.000,    0.000,    0.000,0.0.0.0,0/0,1,1970-01-01 02:00:00.000
2022-10-10 09:59:28,2022-10-10 09:59:29,0.412,192.168.1.30,172.217.17.141,49638,443,TCP,...AP.SF,0,0,25,3498,24,10330,0,0,0,0,0,0,0,0,0.0.0.0,0.0.0.0,0,0,00:00:00:00:00:00,00:00:00:00:00:00,00:00:00:00:00:00,00:00:00:00:00:00,0-0-0,0-0-0,0-0-0,0-0-0,0-0-0,0-0-0,0-0-0,0-0-0,0-0-0,0-0-0,    0.000,    0.000,    0.000,0.0.0.0,0/0,1,1970-01-01 02:00:00.000
2022-10-10 09:59:28,2022-10-10 09:59:28,0.122,192.168.1.30,172.217.17.195,53313,443,UDP,........,0,0,3,1701,5,3592,0,0,0,0,0,0,0,0,0.0.0.0,0.0.0.0,0,0,00:00:00:00:00:00,00:00:00:00:00:00,00:00:00:00:00:00,00:00:00:00:00:00,0-0-0,0-0-0,0-0-0,0-0-0,0-0-0,0-0-0,0-0-0,0-0-0,0-0-0,0-0-0,    0.000,    0.000,    0.000,0.0.0.0,0/0,1,1970-01-01 02:00:00.000
2022-10-10 09:59:28,2022-10-10 09:59:29,0.410,192.168.1.30,62.169.213.169,35240,443,TCP,...APRSF,0,0,113,21238,113,53249,0,0,0,0,0,0,0,0,0.0.0.0,0.0.0.0,0,0,00:00:00:00:00:00,00:00:00:00:00:00,00:00:00:00:00:00,00:00:00:00:00:00,0-0-0,0-0-0,0-0-0,0-0-0,0-0-0,0-0-0,0-0-0,0-0-0,0-0-0,0-0-0,    0.000,    0.000,    0.000,0.0.0.0,0/0,1,1970-01-01 02:00:00.000
2022-10-10 09:59:28,2022-10-10 09:59:29,0.164,192.168.1.30,172.217.17.141,34600,443,UDP,........,0,0,10,3412,10,9411,0,0,0,0,0,0,0,0,0.0.0.0,0.0.0.0,0,0,00:00:00:00:00:00,00:00:00:00:00:00,00:00:00:00:00:00,00:00:00:00:00:00,0-0-0,0-0-0,0-0-0,0-0-0,0-0-0,0-0-0,0-0-0,0-0-0,0-0-0,0-0-0,    0.000,    0.000,    0.000,0.0.0.0,0/0,1,1970-01-01 02:00:00.000
2022-10-10 09:59:29,2022-10-10 09:59:29,0.024,192.168.1.30,192.168.1.254,60501,53,UDP,........,0,0,1,60,1,324,0,0,0,0,0,0,0,0,0.0.0.0,0.0.0.0,0,0,00:00:00:00:00:00,00:00:00:00:00:00,00:00:00:00:00:00,00:00:00:00:00:00,0-0-0,0-0-0,0-0-0,0-0-0,0-0-0,0-0-0,0-0-0,0-0-0,0-0-0,0-0-0,    0.000,    0.000,    0.000,0.0.0.0,0/0,1,1970-01-01 02:00:00.000
2022-10-10 09:59:29,2022-10-10 09:59:29,0.226,192.168.1.30,142.250.187.132,54434,443,TCP,...AP.SF,0,0,24,2593,19,9783,0,0,0,0,0,0,0,0,0.0.0.0,0.0.0.0,0,0,00:00:00:00:00:00,00:00:00:00:00:00,00:00:00:00:00:00,00:00:00:00:00:00,0-0-0,0-0-0,0-0-0,0-0-0,0-0-0,0-0-0,0-0-0,0-0-0,0-0-0,0-0-0,    0.000,    0.000,    0.000,0.0.0.0,0/0,1,1970-01-01 02:00:00.000
2022-10-10 09:59:29,2022-10-10 09:59:29,0.020,192.168.1.30,192.168.1.254,50186,53,UDP,........,0,0,1,61,1,332,0,0,0,0,0,0,0,0,0.0.0.0,0.0.0.0,0,0,00:00:00:00:00:00,00:00:00:00:00:00,00:00:00:00:00:00,00:00:00:00:00:00,0-0-0,0-0-0,0-0-0,0-0-0,0-0-0,0-0-0,0-0-0,0-0-0,0-0-0,0-0-0,    0.000,    0.000,    0.000,0.0.0.0,0/0,1,1970-01-01 02:00:00.000
2022-10-10 09:59:29,2022-10-10 09:59:29,0.234,192.168.1.30,142.250.187.131,59552,443,TCP,...AP.S.,0,0,43,3361,45,56407,0,0,0,0,0,0,0,0,0.0.0.0,0.0.0.0,0,0,00:00:00:00:00:00,00:00:00:00:00:00,00:00:00:00:00:00,00:00:00:00:00:00,0-0-0,0-0-0,0-0-0,0-0-0,0-0-0,0-0-0,0-0-0,0-0-0,0-0-0,0-0-0,    0.000,    0.000,    0.000,0.0.0.0,0/0,1,1970-01-01 02:00:00.000
2022-10-10 09:59:29,2022-10-10 09:59:29,0.113,192.168.1.30,142.250.187.131,52333,443,UDP,........,0,0,3,1630,5,3592,0,0,0,0,0,0,0,0,0.0.0.0,0.0.0.0,0,0,00:00:00:00:00:00,00:00:00:00:00:00,00:00:00:00:00:00,00:00:00:00:00:00,0-0-0,0-0-0,0-0-0,0-0-0,0-0-0,0-0-0,0-0-0,0-0-0,0-0-0,0-0-0,    0.000,    0.000,    0.000,0.0.0.0,0/0,1,1970-01-01 02:00:00.000
2022-10-10 09:59:29,2022-10-10 09:59:33,4.002,192.168.1.30,142.250.187.132,48604,443,UDP,........,0,0,11,2498,20,19834,0,0,0,0,0,0,0,0,0.0.0.0,0.0.0.0,0,0,00:00:00:00:00:00,00:00:00:00:00:00,00:00:00:00:00:00,00:00:00:00:00:00,0-0-0,0-0-0,0-0-0,0-0-0,0-0-0,0-0-0,0-0-0,0-0-0,0-0-0,0-0-0,    0.000,    0.000,    0.000,0.0.0.0,0/0,1,1970-01-01 02:00:00.000
2022-10-10 09:59:29,2022-10-10 09:59:29,0.311,192.168.1.30,62.169.213.169,35242,443,TCP,...APRSF,0,0,114,21302,117,53457,0,0,0,0,0,0,0,0,0.0.0.0,0.0.0.0,0,0,00:00:00:00:00:00,00:00:00:00:00:00,00:00:00:00:00:00,00:00:00:00:00:00,0-0-0,0-0-0,0-0-0,0-0-0,0-0-0,0-0-0,0-0-0,0-0-0,0-0-0,0-0-0,    0.000,    0.000,    0.000,0.0.0.0,0/0,1,1970-01-01 02:00:00.000
2022-10-10 09:59:29,2022-10-10 09:59:30,0.436,192.168.1.30,62.169.213.169,35244,443,TCP,...APRSF,0,0,115,21206,115,53353,0,0,0,0,0,0,0,0,0.0.0.0,0.0.0.0,0,0,00:00:00:00:00:00,00:00:00:00:00:00,00:00:00:00:00:00,00:00:00:00:00:00,0-0-0,0-0-0,0-0-0,0-0-0,0-0-0,0-0-0,0-0-0,0-0-0,0-0-0,0-0-0,    0.000,    0.000,    0.000,0.0.0.0,0/0,1,1970-01-01 02:00:00.000
2022-10-10 09:59:30,2022-10-10 09:59:30,0.360,192.168.1.30,172.217.17.195,37183,443,UDP,........,0,0,17,3272,33,35871,0,0,0,0,0,0,0,0,0.0.0.0,0.0.0.0,0,0,00:00:00:00:00:00,00:00:00:00:00:00,00:00:00:00:00:00,00:00:00:00:00:00,0-0-0,0-0-0,0-0-0,0-0-0,0-0-0,0-0-0,0-0-0,0-0-0,0-0-0,0-0-0,    0.000,    0.000,    0.000,0.0.0.0,0/0,1,1970-01-01 02:00:00.000
2022-10-10 09:59:30,2022-10-10 09:59:30,0.504,192.168.1.30,62.169.213.169,35246,443,TCP,...APRSF,0,0,111,21141,111,53145,0,0,0,0,0,0,0,0,0.0.0.0,0.0.0.0,0,0,00:00:00:00:00:00,00:00:00:00:00:00,00:00:00:00:00:00,00:00:00:00:00:00,0-0-0,0-0-0,0-0-0,0-0-0,0-0-0,0-0-0,0-0-0,0-0-0,0-0-0,0-0-0,    0.000,    0.000,    0.000,0.0.0.0,0/0,1,1970-01-01 02:00:00.000
2022-10-10 09:59:30,2022-10-10 09:59:30,0.029,192.168.1.30,192.168.1.254,58778,53,UDP,........,0,0,1,57,1,328,0,0,0,0,0,0,0,0,0.0.0.0,0.0.0.0,0,0,00:00:00:00:00:00,00:00:00:00:00:00,00:00:00:00:00:00,00:00:00:00:00:00,0-0-0,0-0-0,0-0-0,0-0-0,0-0-0,0-0-0,0-0-0,0-0-0,0-0-0,0-0-0,    0.000,    0.000,    0.000,0.0.0.0,0/0,1,1970-01-01 02:00:00.000
2022-10-10 09:59:30,2022-10-10 09:59:30,0.030,192.168.1.30,192.168.1.254,46656,53,UDP,........,0,0,1,57,1,340,0,0,0,0,0,0,0,0,0.0.0.0,0.0.0.0,0,0,00:00:00:00:00:00,00:00:00:00:00:00,00:00:00:00:00:00,00:00:00:00:00:00,0-0-0,0-0-0,0-0-0,0-0-0,0-0-0,0-0-0,0-0-0,0-0-0,0-0-0,0-0-0,    0.000,    0.000,    0.000,0.0.0.0,0/0,1,1970-01-01 02:00:00.000
2022-10-10 09:59:30,2022-10-10 09:59:30,0.249,192.168.1.30,172.217.20.78,33052,443,TCP,...AP.S.,0,0,18,2053,14,9009,0,0,0,0,0,0,0,0,0.0.0.0,0.0.0.0,0,0,00:00:00:00:00:00,00:00:00:00:00:00,00:00:00:00:00:00,00:00:00:00:00:00,0-0-0,0-0-0,0-0-0,0-0-0,0-0-0,0-0-0,0-0-0,0-0-0,0-0-0,0-0-0,    0.000,    0.000,    0.000,0.0.0.0,0/0,1,1970-01-01 02:00:00.000
2022-10-10 09:59:30,2022-10-10 09:59:31,1.040,192.168.1.30,62.169.213.169,35250,443,TCP,...APRSF,0,0,114,21272,118,53509,0,0,0,0,0,0,0,0,0.0.0.0,0.0.0.0,0,0,00:00:00:00:00:00,00:00:00:00:00:00,00:00:00:00:00:00,00:00:00:00:00:00,0-0-0,0-0-0,0-0-0,0-0-0,0-0-0,0-0-0,0-0-0,0-0-0,0-0-0,0-0-0,    0.000,    0.000,    0.000,0.0.0.0,0/0,1,1970-01-01 02:00:00.000
2022-10-10 09:59:30,2022-10-10 09:59:30,0.030,192.168.1.30,192.168.1.254,53324,53,UDP,........,0,0,1,59,1,375,0,0,0,0,0,0,0,0,0.0.0.0,0.0.0.0,0,0,00:00:00:00:00:00,00:00:00:00:00:00,00:00:00:00:00:00,00:00:00:00:00:00,0-0-0,0-0-0,0-0-0,0-0-0,0-0-0,0-0-0,0-0-0,0-0-0,0-0-0,0-0-0,    0.000,    0.000,    0.000,0.0.0.0,0/0,1,1970-01-01 02:00:00.000
2022-10-10 09:59:30,2022-10-10 09:59:30,0.032,192.168.1.30,192.168.1.254,39496,53,UDP,........,0,0,1,59,1,387,0,0,0,0,0,0,0,0,0.0.0.0,0.0.0.0,0,0,00:00:00:00:00:00,00:00:00:00:00:00,00:00:00:00:00:00,00:00:00:00:00:00,0-0-0,0-0-0,0-0-0,0-0-0,0-0-0,0-0-0,0-0-0,0-0-0,0-0-0,0-0-0,    0.000,    0.000,    0.000,0.0.0.0,0/0,1,1970-01-01 02:00:00.000
2022-10-10 09:59:30,2022-10-10 09:59:31,0.656,192.168.1.30,172.217.17.129,57672,443,TCP,...AP.SF,0,0,57,5969,60,55979,0,0,0,0,0,0,0,0,0.0.0.0,0.0.0.0,0,0,00:00:00:00:00:00,00:00:00:00:00:00,00:00:00:00:00:00,00:00:00:00:00:00,0-0-0,0-0-0,0-0-0,0-0-0,0-0-0,0-0-0,0-0-0,0-0-0,0-0-0,0-0-0,    0.000,    0.000,    0.000,0.0.0.0,0/0,1,1970-01-01 02:00:00.000
2022-10-10 09:59:30,2022-10-10 09:59:31,0.597,192.168.1.30,172.217.17.129,57678,443,TCP,...APRSF,0,0,18,1888,13,9745,0,0,0,0,0,0,0,0,0.0.0.0,0.0.0.0,0,0,00:00:00:00:00:00,00:00:00:00:00:00,00:00:00:00:00:00,00:00:00:00:00:00,0-0-0,0-0-0,0-0-0,0-0-0,0-0-0,0-0-0,0-0-0,0-0-0,0-0-0,0-0-0,    0.000,    0.000,    0.000,0.0.0.0,0/0,1,1970-01-01 02:00:00.000
2022-10-10 09:59:30,2022-10-10 09:59:31,0.600,192.168.1.30,172.217.17.129,57680,443,TCP,...AP.SF,0,0,18,1935,15,9859,0,0,0,0,0,0,0,0,0.0.0.0,0.0.0.0,0,0,00:00:00:00:00:00,00:00:00:00:00:00,00:00:00:00:00:00,00:00:00:00:00:00,0-0-0,0-0-0,0-0-0,0-0-0,0-0-0,0-0-0,0-0-0,0-0-0,0-0-0,0-0-0,    0.000,    0.000,    0.000,0.0.0.0,0/0,1,1970-01-01 02:00:00.000
2022-10-10 09:59:30,2022-10-10 09:59:31,0.455,192.168.1.30,172.217.17.129,57684,443,TCP,...AP.SF,0,0,17,1872,13,9745,0,0,0,0,0,0,0,0,0.0.0.0,0.0.0.0,0,0,00:00:00:00:00:00,00:00:00:00:00:00,00:00:00:00:00:00,00:00:00:00:00:00,0-0-0,0-0-0,0-0-0,0-0-0,0-0-0,0-0-0,0-0-0,0-0-0,0-0-0,0-0-0,    0.000,    0.000,    0.000,0.0.0.0,0/0,1,1970-01-01 02:00:00.000
2022-10-10 09:59:30,2022-10-10 09:59:31,0.647,192.168.1.30,172.217.17.129,57674,443,TCP,...AP.SF,0,0,18,1924,14,9809,0,0,0,0,0,0,0,0,0.0.0.0,0.0.0.0,0,0,00:00:00:00:00:00,00:00:00:00:00:00,00:00:00:00:00:00,00:00:00:00:00:00,0-0-0,0-0-0,0-0-0,0-0-0,0-0-0,0-0-0,0-0-0,0-0-0,0-0-0,0-0-0,    0.000,    0.000,    0.000,0.0.0.0,0/0,1,1970-01-01 02:00:00.000
2022-10-10 09:59:30,2022-10-10 09:59:31,0.597,192.168.1.30,172.217.17.129,57676,443,TCP,...APRSF,0,0,18,1712,13,9743,0,0,0,0,0,0,0,0,0.0.0.0,0.0.0.0,0,0,00:00:00:00:00:00,00:00:00:00:00:00,00:00:00:00:00:00,00:00:00:00:00:00,0-0-0,0-0-0,0-0-0,0-0-0,0-0-0,0-0-0,0-0-0,0-0-0,0-0-0,0-0-0,    0.000,    0.000,    0.000,0.0.0.0,0/0,1,1970-01-01 02:00:00.000
2022-10-10 09:59:30,2022-10-10 09:59:30,0.000,192.168.1.27,192.168.1.255,137,137,UDP,........,0,0,1,78,0,0,0,0,0,0,0,0,0,0,0.0.0.0,0.0.0.0,0,0,00:00:00:00:00:00,00:00:00:00:00:00,00:00:00:00:00:00,00:00:00:00:00:00,0-0-0,0-0-0,0-0-0,0-0-0,0-0-0,0-0-0,0-0-0,0-0-0,0-0-0,0-0-0,    0.000,    0.000,    0.000,0.0.0.0,0/0,1,1970-01-01 02:00:00.000
2022-10-10 09:59:30,2022-10-10 09:59:31,0.473,192.168.1.30,172.217.20.78,60050,443,UDP,........,0,0,11,3607,11,9490,0,0,0,0,0,0,0,0,0.0.0.0,0.0.0.0,0,0,00:00:00:00:00:00,00:00:00:00:00:00,00:00:00:00:00:00,00:00:00:00:00:00,0-0-0,0-0-0,0-0-0,0-0-0,0-0-0,0-0-0,0-0-0,0-0-0,0-0-0,0-0-0,    0.000,    0.000,    0.000,0.0.0.0,0/0,1,1970-01-01 02:00:00.000
2022-10-10 09:59:30,2022-10-10 10:00:22,51.357,192.168.1.30,172.217.17.99,47836,80,TCP,...AP.S.,0,0,9,903,8,1126,0,0,0,0,0,0,0,0,0.0.0.0,0.0.0.0,0,0,00:00:00:00:00:00,00:00:00:00:00:00,00:00:00:00:00:00,00:00:00:00:00:00,0-0-0,0-0-0,0-0-0,0-0-0,0-0-0,0-0-0,0-0-0,0-0-0,0-0-0,0-0-0,    0.000,    0.000,    0.000,0.0.0.0,0/0,1,1970-01-01 02:00:00.000
2022-10-10 09:59:30,2022-10-10 10:00:22,51.354,192.168.1.30,172.217.17.99,47834,80,TCP,...AP.S.,0,0,9,903,8,1126,0,0,0,0,0,0,0,0,0.0.0.0,0.0.0.0,0,0,00:00:00:00:00:00,00:00:00:00:00:00,00:00:00:00:00:00,00:00:00:00:00:00,0-0-0,0-0-0,0-0-0,0-0-0,0-0-0,0-0-0,0-0-0,0-0-0,0-0-0,0-0-0,    0.000,    0.000,    0.000,0.0.0.0,0/0,1,1970-01-01 02:00:00.000
2022-10-10 09:59:30,2022-10-10 10:00:22,52.136,192.168.1.30,172.217.17.99,47832,80,TCP,...AP.S.,0,0,11,1434,10,1932,0,0,0,0,0,0,0,0,0.0.0.0,0.0.0.0,0,0,00:00:00:00:00:00,00:00:00:00:00:00,00:00:00:00:00:00,00:00:00:00:00:00,0-0-0,0-0-0,0-0-0,0-0-0,0-0-0,0-0-0,0-0-0,0-0-0,0-0-0,0-0-0,    0.000,    0.000,    0.000,0.0.0.0,0/0,1,1970-01-01 02:00:00.000
2022-10-10 09:59:30,2022-10-10 10:00:22,51.354,192.168.1.30,172.217.17.99,47830,80,TCP,...AP.S.,0,0,9,903,8,1126,0,0,0,0,0,0,0,0,0.0.0.0,0.0.0.0,0,0,00:00:00:00:00:00,00:00:00:00:00:00,00:00:00:00:00:00,00:00:00:00:00:00,0-0-0,0-0-0,0-0-0,0-0-0,0-0-0,0-0-0,0-0-0,0-0-0,0-0-0,0-0-0,    0.000,    0.000,    0.000,0.0.0.0,0/0,1,1970-01-01 02:00:00.000
2022-10-10 09:59:31,2022-10-10 09:59:32,1.020,192.168.1.30,172.217.17.129,46337,443,UDP,........,0,0,27,4945,47,56967,0,0,0,0,0,0,0,0,0.0.0.0,0.0.0.0,0,0,00:00:00:00:00:00,00:00:00:00:00:00,00:00:00:00:00:00,00:00:00:00:00:00,0-0-0,0-0-0,0-0-0,0-0-0,0-0-0,0-0-0,0-0-0,0-0-0,0-0-0,0-0-0,    0.000,    0.000,    0.000,0.0.0.0,0/0,1,1970-01-01 02:00:00.000
2022-10-10 09:59:31,2022-10-10 09:59:32,1.197,192.168.1.30,62.169.213.169,35252,443,TCP,...APRSF,0,0,114,21224,115,53353,0,0,0,0,0,0,0,0,0.0.0.0,0.0.0.0,0,0,00:00:00:00:00:00,00:00:00:00:00:00,00:00:00:00:00:00,00:00:00:00:00:00,0-0-0,0-0-0,0-0-0,0-0-0,0-0-0,0-0-0,0-0-0,0-0-0,0-0-0,0-0-0,    0.000,    0.000,    0.000,0.0.0.0,0/0,1,1970-01-01 02:00:00.000
2022-10-10 09:59:31,2022-10-10 09:59:31,0.027,192.168.1.30,192.168.1.254,43252,53,UDP,........,0,0,1,86,1,394,0,0,0,0,0,0,0,0,0.0.0.0,0.0.0.0,0,0,00:00:00:00:00:00,00:00:00:00:00:00,00:00:00:00:00:00,00:00:00:00:00:00,0-0-0,0-0-0,0-0-0,0-0-0,0-0-0,0-0-0,0-0-0,0-0-0,0-0-0,0-0-0,    0.000,    0.000,    0.000,0.0.0.0,0/0,1,1970-01-01 02:00:00.000
2022-10-10 09:59:31,2022-10-10 09:59:31,0.028,192.168.1.30,192.168.1.254,55324,53,UDP,........,0,0,1,86,1,406,0,0,0,0,0,0,0,0,0.0.0.0,0.0.0.0,0,0,00:00:00:00:00:00,00:00:00:00:00:00,00:00:00:00:00:00,00:00:00:00:00:00,0-0-0,0-0-0,0-0-0,0-0-0,0-0-0,0-0-0,0-0-0,0-0-0,0-0-0,0-0-0,    0.000,    0.000,    0.000,0.0.0.0,0/0,1,1970-01-01 02:00:00.000
2022-10-10 09:59:31,2022-10-10 10:00:22,51.138,192.168.1.30,84.254.12.200,40052,443,TCP,...AP.S.,0,0,46,4367,60,76839,0,0,0,0,0,0,0,0,0.0.0.0,0.0.0.0,0,0,00:00:00:00:00:00,00:00:00:00:00:00,00:00:00:00:00:00,00:00:00:00:00:00,0-0-0,0-0-0,0-0-0,0-0-0,0-0-0,0-0-0,0-0-0,0-0-0,0-0-0,0-0-0,    0.000,    0.000,    0.000,0.0.0.0,0/0,1,1970-01-01 02:00:00.000
2022-10-10 09:59:31,2022-10-10 10:00:23,51.395,192.168.1.30,84.254.12.200,40050,443,TCP,...AP.S.,0,0,266,16158,281,403576,0,0,0,0,0,0,0,0,0.0.0.0,0.0.0.0,0,0,00:00:00:00:00:00,00:00:00:00:00:00,00:00:00:00:00:00,00:00:00:00:00:00,0-0-0,0-0-0,0-0-0,0-0-0,0-0-0,0-0-0,0-0-0,0-0-0,0-0-0,0-0-0,    0.000,    0.000,    0.000,0.0.0.0,0/0,1,1970-01-01 02:00:00.000
2022-10-10 09:59:31,2022-10-10 10:00:22,50.467,192.168.1.30,84.254.12.200,38694,443,UDP,........,0,0,4238,281568,14866,20524589,0,0,0,0,0,0,0,0,0.0.0.0,0.0.0.0,0,0,00:00:00:00:00:00,00:00:00:00:00:00,00:00:00:00:00:00,00:00:00:00:00:00,0-0-0,0-0-0,0-0-0,0-0-0,0-0-0,0-0-0,0-0-0,0-0-0,0-0-0,0-0-0,    0.000,    0.000,    0.000,0.0.0.0,0/0,1,1970-01-01 02:00:00.000
2022-10-10 09:59:31,2022-10-10 09:59:32,0.119,192.168.1.30,192.168.1.254,39454,53,UDP,........,0,0,1,67,1,522,0,0,0,0,0,0,0,0,0.0.0.0,0.0.0.0,0,0,00:00:00:00:00:00,00:00:00:00:00:00,00:00:00:00:00:00,00:00:00:00:00:00,0-0-0,0-0-0,0-0-0,0-0-0,0-0-0,0-0-0,0-0-0,0-0-0,0-0-0,0-0-0,    0.000,    0.000,    0.000,0.0.0.0,0/0,1,1970-01-01 02:00:00.000
2022-10-10 09:59:31,2022-10-10 09:59:32,0.126,192.168.1.30,192.168.1.254,43852,53,UDP,........,0,0,1,67,1,434,0,0,0,0,0,0,0,0,0.0.0.0,0.0.0.0,0,0,00:00:00:00:00:00,00:00:00:00:00:00,00:00:00:00:00:00,00:00:00:00:00:00,0-0-0,0-0-0,0-0-0,0-0-0,0-0-0,0-0-0,0-0-0,0-0-0,0-0-0,0-0-0,    0.000,    0.000,    0.000,0.0.0.0,0/0,1,1970-01-01 02:00:00.000
2022-10-10 09:59:32,2022-10-10 09:59:32,0.670,192.168.1.30,142.250.184.138,35856,443,TCP,...AP.S.,0,0,32,3353,40,40615,0,0,0,0,0,0,0,0,0.0.0.0,0.0.0.0,0,0,00:00:00:00:00:00,00:00:00:00:00:00,00:00:00:00:00:00,00:00:00:00:00:00,0-0-0,0-0-0,0-0-0,0-0-0,0-0-0,0-0-0,0-0-0,0-0-0,0-0-0,0-0-0,    0.000,    0.000,    0.000,0.0.0.0,0/0,1,1970-01-01 02:00:00.000
2022-10-10 09:59:32,2022-10-10 09:59:32,0.429,192.168.1.30,142.250.184.150,35490,443,TCP,...AP.S.,0,0,34,3106,36,43650,0,0,0,0,0,0,0,0,0.0.0.0,0.0.0.0,0,0,00:00:00:00:00:00,00:00:00:00:00:00,00:00:00:00:00:00,00:00:00:00:00:00,0-0-0,0-0-0,0-0-0,0-0-0,0-0-0,0-0-0,0-0-0,0-0-0,0-0-0,0-0-0,    0.000,    0.000,    0.000,0.0.0.0,0/0,1,1970-01-01 02:00:00.000
2022-10-10 09:59:32,2022-10-10 09:59:32,0.347,192.168.1.30,142.250.184.138,45845,443,UDP,........,0,0,12,3734,11,8792,0,0,0,0,0,0,0,0,0.0.0.0,0.0.0.0,0,0,00:00:00:00:00:00,00:00:00:00:00:00,00:00:00:00:00:00,00:00:00:00:00:00,0-0-0,0-0-0,0-0-0,0-0-0,0-0-0,0-0-0,0-0-0,0-0-0,0-0-0,0-0-0,    0.000,    0.000,    0.000,0.0.0.0,0/0,1,1970-01-01 02:00:00.000
2022-10-10 09:59:32,2022-10-10 09:59:32,0.176,192.168.1.30,142.250.184.150,34373,443,UDP,........,0,0,4,1688,5,3592,0,0,0,0,0,0,0,0,0.0.0.0,0.0.0.0,0,0,00:00:00:00:00:00,00:00:00:00:00:00,00:00:00:00:00:00,00:00:00:00:00:00,0-0-0,0-0-0,0-0-0,0-0-0,0-0-0,0-0-0,0-0-0,0-0-0,0-0-0,0-0-0,    0.000,    0.000,    0.000,0.0.0.0,0/0,1,1970-01-01 02:00:00.000
2022-10-10 09:59:32,2022-10-10 09:59:34,1.920,192.168.1.30,62.169.213.169,35256,443,TCP,...APRSF,0,0,114,21268,113,53249,0,0,0,0,0,0,0,0,0.0.0.0,0.0.0.0,0,0,00:00:00:00:00:00,00:00:00:00:00:00,00:00:00:00:00:00,00:00:00:00:00:00,0-0-0,0-0-0,0-0-0,0-0-0,0-0-0,0-0-0,0-0-0,0-0-0,0-0-0,0-0-0,    0.000,    0.000,    0.000,0.0.0.0,0/0,1,1970-01-01 02:00:00.000
2022-10-10 09:59:34,2022-10-10 09:59:35,0.347,192.168.1.30,62.169.213.169,35258,443,TCP,...APRSF,0,0,114,21364,119,53561,0,0,0,0,0,0,0,0,0.0.0.0,0.0.0.0,0,0,00:00:00:00:00:00,00:00:00:00:00:00,00:00:00:00:00:00,00:00:00:00:00:00,0-0-0,0-0-0,0-0-0,0-0-0,0-0-0,0-0-0,0-0-0,0-0-0,0-0-0,0-0-0,    0.000,    0.000,    0.000,0.0.0.0,0/0,1,1970-01-01 02:00:00.000
2022-10-10 09:59:35,2022-10-10 09:59:35,0.329,192.168.1.30,62.169.213.169,35260,443,TCP,...APRSF,0,0,112,21346,119,53561,0,0,0,0,0,0,0,0,0.0.0.0,0.0.0.0,0,0,00:00:00:00:00:00,00:00:00:00:00:00,00:00:00:00:00:00,00:00:00:00:00:00,0-0-0,0-0-0,0-0-0,0-0-0,0-0-0,0-0-0,0-0-0,0-0-0,0-0-0,0-0-0,    0.000,    0.000,    0.000,0.0.0.0,0/0,1,1970-01-01 02:00:00.000
2022-10-10 09:59:35,2022-10-10 09:59:35,0.393,192.168.1.30,62.169.213.169,35262,443,TCP,...APRSF,0,0,111,21079,116,53405,0,0,0,0,0,0,0,0,0.0.0.0,0.0.0.0,0,0,00:00:00:00:00:00,00:00:00:00:00:00,00:00:00:00:00:00,00:00:00:00:00:00,0-0-0,0-0-0,0-0-0,0-0-0,0-0-0,0-0-0,0-0-0,0-0-0,0-0-0,0-0-0,    0.000,    0.000,    0.000,0.0.0.0,0/0,1,1970-01-01 02:00:00.000
2022-10-10 09:59:35,2022-10-10 09:59:36,0.352,192.168.1.30,62.169.213.169,35264,443,TCP,...APRSF,0,0,111,21244,119,53657,0,0,0,0,0,0,0,0,0.0.0.0,0.0.0.0,0,0,00:00:00:00:00:00,00:00:00:00:00:00,00:00:00:00:00:00,00:00:00:00:00:00,0-0-0,0-0-0,0-0-0,0-0-0,0-0-0,0-0-0,0-0-0,0-0-0,0-0-0,0-0-0,    0.000,    0.000,    0.000,0.0.0.0,0/0,1,1970-01-01 02:00:00.000
2022-10-10 09:59:36,2022-10-10 09:59:36,0.451,192.168.1.30,62.169.213.169,35266,443,TCP,...APRSF,0,0,114,21185,115,53168,0,0,0,0,0,0,0,0,0.0.0.0,0.0.0.0,0,0,00:00:00:00:00:00,00:00:00:00:00:00,00:00:00:00:00:00,00:00:00:00:00:00,0-0-0,0-0-0,0-0-0,0-0-0,0-0-0,0-0-0,0-0-0,0-0-0,0-0-0,0-0-0,    0.000,    0.000,    0.000,0.0.0.0,0/0,1,1970-01-01 02:00:00.000
2022-10-10 09:59:36,2022-10-10 09:59:37,1.006,192.168.1.30,62.169.213.169,35268,443,TCP,...APRSF,0,0,115,21437,116,53502,0,0,0,0,0,0,0,0,0.0.0.0,0.0.0.0,0,0,00:00:00:00:00:00,00:00:00:00:00:00,00:00:00:00:00:00,00:00:00:00:00:00,0-0-0,0-0-0,0-0-0,0-0-0,0-0-0,0-0-0,0-0-0,0-0-0,0-0-0,0-0-0,    0.000,    0.000,    0.000,0.0.0.0,0/0,1,1970-01-01 02:00:00.000
2022-10-10 09:59:37,2022-10-10 09:59:37,0.319,192.168.1.30,62.169.213.169,35270,443,TCP,...APRSF,0,0,114,21325,115,53353,0,0,0,0,0,0,0,0,0.0.0.0,0.0.0.0,0,0,00:00:00:00:00:00,00:00:00:00:00:00,00:00:00:00:00:00,00:00:00:00:00:00,0-0-0,0-0-0,0-0-0,0-0-0,0-0-0,0-0-0,0-0-0,0-0-0,0-0-0,0-0-0,    0.000,    0.000,    0.000,0.0.0.0,0/0,1,1970-01-01 02:00:00.000
2022-10-10 09:59:37,2022-10-10 09:59:38,0.306,192.168.1.30,62.169.213.169,35272,443,TCP,...APRSF,0,0,114,21254,122,53717,0,0,0,0,0,0,0,0,0.0.0.0,0.0.0.0,0,0,00:00:00:00:00:00,00:00:00:00:00:00,00:00:00:00:00:00,00:00:00:00:00:00,0-0-0,0-0-0,0-0-0,0-0-0,0-0-0,0-0-0,0-0-0,0-0-0,0-0-0,0-0-0,    0.000,    0.000,    0.000,0.0.0.0,0/0,1,1970-01-01 02:00:00.000
2022-10-10 09:59:38,2022-10-10 09:59:38,0.316,192.168.1.30,62.169.213.169,35274,443,TCP,...APRSF,0,0,114,21342,113,53249,0,0,0,0,0,0,0,0,0.0.0.0,0.0.0.0,0,0,00:00:00:00:00:00,00:00:00:00:00:00,00:00:00:00:00:00,00:00:00:00:00:00,0-0-0,0-0-0,0-0-0,0-0-0,0-0-0,0-0-0,0-0-0,0-0-0,0-0-0,0-0-0,    0.000,    0.000,    0.000,0.0.0.0,0/0,1,1970-01-01 02:00:00.000
2022-10-10 09:59:38,2022-10-10 09:59:38,0.277,192.168.1.30,62.169.213.169,35276,443,TCP,...APRSF,0,0,114,21292,121,53665,0,0,0,0,0,0,0,0,0.0.0.0,0.0.0.0,0,0,00:00:00:00:00:00,00:00:00:00:00:00,00:00:00:00:00:00,00:00:00:00:00:00,0-0-0,0-0-0,0-0-0,0-0-0,0-0-0,0-0-0,0-0-0,0-0-0,0-0-0,0-0-0,    0.000,    0.000,    0.000,0.0.0.0,0/0,1,1970-01-01 02:00:00.000
2022-10-10 09:59:38,2022-10-10 09:59:39,0.237,192.168.1.30,62.169.213.169,35278,443,TCP,...APRSF,0,0,114,21239,118,53509,0,0,0,0,0,0,0,0,0.0.0.0,0.0.0.0,0,0,00:00:00:00:00:00,00:00:00:00:00:00,00:00:00:00:00:00,00:00:00:00:00:00,0-0-0,0-0-0,0-0-0,0-0-0,0-0-0,0-0-0,0-0-0,0-0-0,0-0-0,0-0-0,    0.000,    0.000,    0.000,0.0.0.0,0/0,1,1970-01-01 02:00:00.000
2022-10-10 09:59:39,2022-10-10 09:59:39,0.304,192.168.1.30,62.169.213.169,35280,443,TCP,...APRSF,0,0,114,21263,115,53445,0,0,0,0,0,0,0,0,0.0.0.0,0.0.0.0,0,0,00:00:00:00:00:00,00:00:00:00:00:00,00:00:00:00:00:00,00:00:00:00:00:00,0-0-0,0-0-0,0-0-0,0-0-0,0-0-0,0-0-0,0-0-0,0-0-0,0-0-0,0-0-0,    0.000,    0.000,    0.000,0.0.0.0,0/0,1,1970-01-01 02:00:00.000
2022-10-10 09:59:39,2022-10-10 09:59:39,0.270,192.168.1.30,62.169.213.169,35282,443,TCP,...APRSF,0,0,112,21158,114,53301,0,0,0,0,0,0,0,0,0.0.0.0,0.0.0.0,0,0,00:00:00:00:00:00,00:00:00:00:00:00,00:00:00:00:00:00,00:00:00:00:00:00,0-0-0,0-0-0,0-0-0,0-0-0,0-0-0,0-0-0,0-0-0,0-0-0,0-0-0,0-0-0,    0.000,    0.000,    0.000,0.0.0.0,0/0,1,1970-01-01 02:00:00.000
2022-10-10 09:59:39,2022-10-10 09:59:39,0.315,192.168.1.30,62.169.213.169,35284,443,TCP,...APRSF,0,0,114,21268,116,53405,0,0,0,0,0,0,0,0,0.0.0.0,0.0.0.0,0,0,00:00:00:00:00:00,00:00:00:00:00:00,00:00:00:00:00:00,00:00:00:00:00:00,0-0-0,0-0-0,0-0-0,0-0-0,0-0-0,0-0-0,0-0-0,0-0-0,0-0-0,0-0-0,    0.000,    0.000,    0.000,0.0.0.0,0/0,1,1970-01-01 02:00:00.000
2022-10-10 09:59:39,2022-10-10 09:59:40,0.295,192.168.1.30,62.169.213.169,35286,443,TCP,...APRSF,0,0,111,21184,122,53717,0,0,0,0,0,0,0,0,0.0.0.0,0.0.0.0,0,0,00:00:00:00:00:00,00:00:00:00:00:00,00:00:00:00:00:00,00:00:00:00:00:00,0-0-0,0-0-0,0-0-0,0-0-0,0-0-0,0-0-0,0-0-0,0-0-0,0-0-0,0-0-0,    0.000,    0.000,    0.000,0.0.0.0,0/0,1,1970-01-01 02:00:00.000
2022-10-10 09:59:40,2022-10-10 09:59:40,0.568,192.168.1.30,62.169.213.169,35288,443,TCP,...APRSF,0,0,117,21497,129,71212,0,0,0,0,0,0,0,0,0.0.0.0,0.0.0.0,0,0,00:00:00:00:00:00,00:00:00:00:00:00,00:00:00:00:00:00,00:00:00:00:00:00,0-0-0,0-0-0,0-0-0,0-0-0,0-0-0,0-0-0,0-0-0,0-0-0,0-0-0,0-0-0,    0.000,    0.000,    0.000,0.0.0.0,0/0,1,1970-01-01 02:00:00.000
2022-10-10 09:59:40,2022-10-10 09:59:41,0.296,192.168.1.30,62.169.213.169,35290,443,TCP,...APRSF,0,0,114,21851,119,53567,0,0,0,0,0,0,0,0,0.0.0.0,0.0.0.0,0,0,00:00:00:00:00:00,00:00:00:00:00:00,00:00:00:00:00:00,00:00:00:00:00:00,0-0-0,0-0-0,0-0-0,0-0-0,0-0-0,0-0-0,0-0-0,0-0-0,0-0-0,0-0-0,    0.000,    0.000,    0.000,0.0.0.0,0/0,1,1970-01-01 02:00:00.000
2022-10-10 09:59:41,2022-10-10 09:59:41,0.421,192.168.1.30,62.169.213.169,35292,443,TCP,...APRSF,0,0,111,21307,114,53301,0,0,0,0,0,0,0,0,0.0.0.0,0.0.0.0,0,0,00:00:00:00:00:00,00:00:00:00:00:00,00:00:00:00:00:00,00:00:00:00:00:00,0-0-0,0-0-0,0-0-0,0-0-0,0-0-0,0-0-0,0-0-0,0-0-0,0-0-0,0-0-0,    0.000,    0.000,    0.000,0.0.0.0,0/0,1,1970-01-01 02:00:00.000
2022-10-10 09:59:41,2022-10-10 09:59:41,0.273,192.168.1.30,62.169.213.169,35294,443,TCP,...APRSF,0,0,114,21908,118,53509,0,0,0,0,0,0,0,0,0.0.0.0,0.0.0.0,0,0,00:00:00:00:00:00,00:00:00:00:00:00,00:00:00:00:00:00,00:00:00:00:00:00,0-0-0,0-0-0,0-0-0,0-0-0,0-0-0,0-0-0,0-0-0,0-0-0,0-0-0,0-0-0,    0.000,    0.000,    0.000,0.0.0.0,0/0,1,1970-01-01 02:00:00.000
2022-10-10 09:59:41,2022-10-10 09:59:42,0.391,192.168.1.30,62.169.213.169,35298,443,TCP,...APRSF,0,0,115,21985,119,53561,0,0,0,0,0,0,0,0,0.0.0.0,0.0.0.0,0,0,00:00:00:00:00:00,00:00:00:00:00:00,00:00:00:00:00:00,00:00:00:00:00:00,0-0-0,0-0-0,0-0-0,0-0-0,0-0-0,0-0-0,0-0-0,0-0-0,0-0-0,0-0-0,    0.000,    0.000,    0.000,0.0.0.0,0/0,1,1970-01-01 02:00:00.000
2022-10-10 09:59:42,2022-10-10 09:59:42,0.332,192.168.1.30,62.169.213.169,35300,443,TCP,...APRSF,0,0,111,21685,114,53301,0,0,0,0,0,0,0,0,0.0.0.0,0.0.0.0,0,0,00:00:00:00:00:00,00:00:00:00:00:00,00:00:00:00:00:00,00:00:00:00:00:00,0-0-0,0-0-0,0-0-0,0-0-0,0-0-0,0-0-0,0-0-0,0-0-0,0-0-0,0-0-0,    0.000,    0.000,    0.000,0.0.0.0,0/0,1,1970-01-01 02:00:00.000
2022-10-10 09:59:42,2022-10-10 09:59:42,0.342,192.168.1.30,62.169.213.169,35302,443,TCP,...APRSF,0,0,111,21637,118,53509,0,0,0,0,0,0,0,0,0.0.0.0,0.0.0.0,0,0,00:00:00:00:00:00,00:00:00:00:00:00,00:00:00:00:00:00,00:00:00:00:00:00,0-0-0,0-0-0,0-0-0,0-0-0,0-0-0,0-0-0,0-0-0,0-0-0,0-0-0,0-0-0,    0.000,    0.000,    0.000,0.0.0.0,0/0,1,1970-01-01 02:00:00.000
2022-10-10 09:59:42,2022-10-10 10:00:23,41.086,192.168.1.30,95.216.41.78,45562,8443,TCP,...AP.S.,0,0,13,3595,11,2252,0,0,0,0,0,0,0,0,0.0.0.0,0.0.0.0,0,0,00:00:00:00:00:00,00:00:00:00:00:00,00:00:00:00:00:00,00:00:00:00:00:00,0-0-0,0-0-0,0-0-0,0-0-0,0-0-0,0-0-0,0-0-0,0-0-0,0-0-0,0-0-0,    0.000,    0.000,    0.000,0.0.0.0,0/0,1,1970-01-01 02:00:00.000
2022-10-10 09:59:42,2022-10-10 09:59:43,0.308,192.168.1.30,62.169.213.169,35304,443,TCP,...APRSF,0,0,112,21604,117,53457,0,0,0,0,0,0,0,0,0.0.0.0,0.0.0.0,0,0,00:00:00:00:00:00,00:00:00:00:00:00,00:00:00:00:00:00,00:00:00:00:00:00,0-0-0,0-0-0,0-0-0,0-0-0,0-0-0,0-0-0,0-0-0,0-0-0,0-0-0,0-0-0,    0.000,    0.000,    0.000,0.0.0.0,0/0,1,1970-01-01 02:00:00.000
2022-10-10 09:59:43,2022-10-10 09:59:43,0.320,192.168.1.30,62.169.213.169,35306,443,TCP,...APRSF,0,0,115,21811,117,53457,0,0,0,0,0,0,0,0,0.0.0.0,0.0.0.0,0,0,00:00:00:00:00:00,00:00:00:00:00:00,00:00:00:00:00:00,00:00:00:00:00:00,0-0-0,0-0-0,0-0-0,0-0-0,0-0-0,0-0-0,0-0-0,0-0-0,0-0-0,0-0-0,    0.000,    0.000,    0.000,0.0.0.0,0/0,1,1970-01-01 02:00:00.000
2022-10-10 09:59:43,2022-10-10 09:59:44,1.157,192.168.1.30,62.169.213.169,35308,443,TCP,...APRSF,0,0,115,21862,115,53353,0,0,0,0,0,0,0,0,0.0.0.0,0.0.0.0,0,0,00:00:00:00:00:00,00:00:00:00:00:00,00:00:00:00:00:00,00:00:00:00:00:00,0-0-0,0-0-0,0-0-0,0-0-0,0-0-0,0-0-0,0-0-0,0-0-0,0-0-0,0-0-0,    0.000,    0.000,    0.000,0.0.0.0,0/0,1,1970-01-01 02:00:00.000
2022-10-10 09:59:44,2022-10-10 09:59:44,0.329,192.168.1.30,62.169.213.169,35312,443,TCP,...APRSF,0,0,115,21973,120,53613,0,0,0,0,0,0,0,0,0.0.0.0,0.0.0.0,0,0,00:00:00:00:00:00,00:00:00:00:00:00,00:00:00:00:00:00,00:00:00:00:00:00,0-0-0,0-0-0,0-0-0,0-0-0,0-0-0,0-0-0,0-0-0,0-0-0,0-0-0,0-0-0,    0.000,    0.000,    0.000,0.0.0.0,0/0,1,1970-01-01 02:00:00.000
2022-10-10 09:59:44,2022-10-10 09:59:45,0.383,192.168.1.30,62.169.213.169,35314,443,TCP,...APRSF,0,0,114,21800,115,53353,0,0,0,0,0,0,0,0,0.0.0.0,0.0.0.0,0,0,00:00:00:00:00:00,00:00:00:00:00:00,00:00:00:00:00:00,00:00:00:00:00:00,0-0-0,0-0-0,0-0-0,0-0-0,0-0-0,0-0-0,0-0-0,0-0-0,0-0-0,0-0-0,    0.000,    0.000,    0.000,0.0.0.0,0/0,1,1970-01-01 02:00:00.000
2022-10-10 09:59:45,2022-10-10 09:59:45,0.368,192.168.1.30,62.169.213.169,35316,443,TCP,...APRSF,0,0,114,21812,121,53665,0,0,0,0,0,0,0,0,0.0.0.0,0.0.0.0,0,0,00:00:00:00:00:00,00:00:00:00:00:00,00:00:00:00:00:00,00:00:00:00:00:00,0-0-0,0-0-0,0-0-0,0-0-0,0-0-0,0-0-0,0-0-0,0-0-0,0-0-0,0-0-0,    0.000,    0.000,    0.000,0.0.0.0,0/0,1,1970-01-01 02:00:00.000
2022-10-10 09:59:45,2022-10-10 09:59:46,0.429,192.168.1.30,62.169.213.169,35318,443,TCP,...APRSF,0,0,112,21741,118,53509,0,0,0,0,0,0,0,0,0.0.0.0,0.0.0.0,0,0,00:00:00:00:00:00,00:00:00:00:00:00,00:00:00:00:00:00,00:00:00:00:00:00,0-0-0,0-0-0,0-0-0,0-0-0,0-0-0,0-0-0,0-0-0,0-0-0,0-0-0,0-0-0,    0.000,    0.000,    0.000,0.0.0.0,0/0,1,1970-01-01 02:00:00.000
2022-10-10 09:59:46,2022-10-10 09:59:46,0.524,192.168.1.30,62.169.213.169,35322,443,TCP,...APRSF,0,0,111,21657,113,53249,0,0,0,0,0,0,0,0,0.0.0.0,0.0.0.0,0,0,00:00:00:00:00:00,00:00:00:00:00:00,00:00:00:00:00:00,00:00:00:00:00:00,0-0-0,0-0-0,0-0-0,0-0-0,0-0-0,0-0-0,0-0-0,0-0-0,0-0-0,0-0-0,    0.000,    0.000,    0.000,0.0.0.0,0/0,1,1970-01-01 02:00:00.000
2022-10-10 09:59:46,2022-10-10 09:59:46,0.385,192.168.1.30,62.169.213.169,35324,443,TCP,...APRSF,0,0,112,21729,115,53353,0,0,0,0,0,0,0,0,0.0.0.0,0.0.0.0,0,0,00:00:00:00:00:00,00:00:00:00:00:00,00:00:00:00:00:00,00:00:00:00:00:00,0-0-0,0-0-0,0-0-0,0-0-0,0-0-0,0-0-0,0-0-0,0-0-0,0-0-0,0-0-0,    0.000,    0.000,    0.000,0.0.0.0,0/0,1,1970-01-01 02:00:00.000
2022-10-10 09:59:46,2022-10-10 09:59:47,0.494,192.168.1.30,62.169.213.169,35326,443,TCP,...APRSF,0,0,111,21632,113,53249,0,0,0,0,0,0,0,0,0.0.0.0,0.0.0.0,0,0,00:00:00:00:00:00,00:00:00:00:00:00,00:00:00:00:00:00,00:00:00:00:00:00,0-0-0,0-0-0,0-0-0,0-0-0,0-0-0,0-0-0,0-0-0,0-0-0,0-0-0,0-0-0,    0.000,    0.000,    0.000,0.0.0.0,0/0,1,1970-01-01 02:00:00.000
2022-10-10 09:59:47,2022-10-10 09:59:47,0.404,192.168.1.30,62.169.213.169,35328,443,TCP,...APRSF,0,0,114,21756,115,53353,0,0,0,0,0,0,0,0,0.0.0.0,0.0.0.0,0,0,00:00:00:00:00:00,00:00:00:00:00:00,00:00:00:00:00:00,00:00:00:00:00:00,0-0-0,0-0-0,0-0-0,0-0-0,0-0-0,0-0-0,0-0-0,0-0-0,0-0-0,0-0-0,    0.000,    0.000,    0.000,0.0.0.0,0/0,1,1970-01-01 02:00:00.000
2022-10-10 09:59:47,2022-10-10 09:59:48,0.415,192.168.1.30,62.169.213.169,35330,443,TCP,...APRSF,0,0,112,21656,113,53249,0,0,0,0,0,0,0,0,0.0.0.0,0.0.0.0,0,0,00:00:00:00:00:00,00:00:00:00:00:00,00:00:00:00:00:00,00:00:00:00:00:00,0-0-0,0-0-0,0-0-0,0-0-0,0-0-0,0-0-0,0-0-0,0-0-0,0-0-0,0-0-0,    0.000,    0.000,    0.000,0.0.0.0,0/0,1,1970-01-01 02:00:00.000
2022-10-10 09:59:48,2022-10-10 09:59:48,0.421,192.168.1.30,62.169.213.169,35332,443,TCP,...APRSF,0,0,111,21586,116,53405,0,0,0,0,0,0,0,0,0.0.0.0,0.0.0.0,0,0,00:00:00:00:00:00,00:00:00:00:00:00,00:00:00:00:00:00,00:00:00:00:00:00,0-0-0,0-0-0,0-0-0,0-0-0,0-0-0,0-0-0,0-0-0,0-0-0,0-0-0,0-0-0,    0.000,    0.000,    0.000,0.0.0.0,0/0,1,1970-01-01 02:00:00.000
2022-10-10 09:59:48,2022-10-10 09:59:49,0.414,192.168.1.30,62.169.213.169,35334,443,TCP,...APRSF,0,0,114,21680,115,53139,0,0,0,0,0,0,0,0,0.0.0.0,0.0.0.0,0,0,00:00:00:00:00:00,00:00:00:00:00:00,00:00:00:00:00:00,00:00:00:00:00:00,0-0-0,0-0-0,0-0-0,0-0-0,0-0-0,0-0-0,0-0-0,0-0-0,0-0-0,0-0-0,    0.000,    0.000,    0.000,0.0.0.0,0/0,1,1970-01-01 02:00:00.000
2022-10-10 09:59:49,2022-10-10 09:59:49,0.788,192.168.1.30,62.169.213.169,35336,443,TCP,...APRSF,0,0,112,21931,118,53521,0,0,0,0,0,0,0,0,0.0.0.0,0.0.0.0,0,0,00:00:00:00:00:00,00:00:00:00:00:00,00:00:00:00:00:00,00:00:00:00:00:00,0-0-0,0-0-0,0-0-0,0-0-0,0-0-0,0-0-0,0-0-0,0-0-0,0-0-0,0-0-0,    0.000,    0.000,    0.000,0.0.0.0,0/0,1,1970-01-01 02:00:00.000
2022-10-10 09:59:49,2022-10-10 09:59:50,0.874,192.168.1.30,62.169.213.169,35338,443,TCP,...APRSF,0,0,115,21849,120,53625,0,0,0,0,0,0,0,0,0.0.0.0,0.0.0.0,0,0,00:00:00:00:00:00,00:00:00:00:00:00,00:00:00:00:00:00,00:00:00:00:00:00,0-0-0,0-0-0,0-0-0,0-0-0,0-0-0,0-0-0,0-0-0,0-0-0,0-0-0,0-0-0,    0.000,    0.000,    0.000,0.0.0.0,0/0,1,1970-01-01 02:00:00.000
2022-10-10 09:59:50,2022-10-10 09:59:51,0.448,192.168.1.30,62.169.213.169,35340,443,TCP,...APRSF,0,0,111,21693,112,53197,0,0,0,0,0,0,0,0,0.0.0.0,0.0.0.0,0,0,00:00:00:00:00:00,00:00:00:00:00:00,00:00:00:00:00:00,00:00:00:00:00:00,0-0-0,0-0-0,0-0-0,0-0-0,0-0-0,0-0-0,0-0-0,0-0-0,0-0-0,0-0-0,    0.000,    0.000,    0.000,0.0.0.0,0/0,1,1970-01-01 02:00:00.000
2022-10-10 09:59:51,2022-10-10 09:59:51,0.299,192.168.1.30,62.169.213.169,35342,443,TCP,...APRSF,0,0,111,21653,115,53353,0,0,0,0,0,0,0,0,0.0.0.0,0.0.0.0,0,0,00:00:00:00:00:00,00:00:00:00:00:00,00:00:00:00:00:00,00:00:00:00:00:00,0-0-0,0-0-0,0-0-0,0-0-0,0-0-0,0-0-0,0-0-0,0-0-0,0-0-0,0-0-0,    0.000,    0.000,    0.000,0.0.0.0,0/0,1,1970-01-01 02:00:00.000
2022-10-10 09:59:51,2022-10-10 09:59:51,0.342,192.168.1.30,62.169.213.169,35344,443,TCP,...APRSF,0,0,114,21794,116,53405,0,0,0,0,0,0,0,0,0.0.0.0,0.0.0.0,0,0,00:00:00:00:00:00,00:00:00:00:00:00,00:00:00:00:00:00,00:00:00:00:00:00,0-0-0,0-0-0,0-0-0,0-0-0,0-0-0,0-0-0,0-0-0,0-0-0,0-0-0,0-0-0,    0.000,    0.000,    0.000,0.0.0.0,0/0,1,1970-01-01 02:00:00.000
2022-10-10 09:59:51,2022-10-10 09:59:52,0.407,192.168.1.30,62.169.213.169,35348,443,TCP,...APRSF,0,0,111,21580,116,53405,0,0,0,0,0,0,0,0,0.0.0.0,0.0.0.0,0,0,00:00:00:00:00:00,00:00:00:00:00:00,00:00:00:00:00:00,00:00:00:00:00:00,0-0-0,0-0-0,0-0-0,0-0-0,0-0-0,0-0-0,0-0-0,0-0-0,0-0-0,0-0-0,    0.000,    0.000,    0.000,0.0.0.0,0/0,1,1970-01-01 02:00:00.000
2022-10-10 09:59:52,2022-10-10 09:59:52,0.350,192.168.1.30,62.169.213.169,35350,443,TCP,...APRSF,0,0,113,21704,113,53249,0,0,0,0,0,0,0,0,0.0.0.0,0.0.0.0,0,0,00:00:00:00:00:00,00:00:00:00:00:00,00:00:00:00:00:00,00:00:00:00:00:00,0-0-0,0-0-0,0-0-0,0-0-0,0-0-0,0-0-0,0-0-0,0-0-0,0-0-0,0-0-0,    0.000,    0.000,    0.000,0.0.0.0,0/0,1,1970-01-01 02:00:00.000
2022-10-10 09:59:52,2022-10-10 09:59:52,0.300,192.168.1.30,62.169.213.169,35352,443,TCP,...APRSF,0,0,114,21821,116,53405,0,0,0,0,0,0,0,0,0.0.0.0,0.0.0.0,0,0,00:00:00:00:00:00,00:00:00:00:00:00,00:00:00:00:00:00,00:00:00:00:00:00,0-0-0,0-0-0,0-0-0,0-0-0,0-0-0,0-0-0,0-0-0,0-0-0,0-0-0,0-0-0,    0.000,    0.000,    0.000,0.0.0.0,0/0,1,1970-01-01 02:00:00.000
2022-10-10 09:59:52,2022-10-10 09:59:53,0.328,192.168.1.30,62.169.213.169,35354,443,TCP,...APRSF,0,0,112,21651,115,53353,0,0,0,0,0,0,0,0,0.0.0.0,0.0.0.0,0,0,00:00:00:00:00:00,00:00:00:00:00:00,00:00:00:00:00:00,00:00:00:00:00:00,0-0-0,0-0-0,0-0-0,0-0-0,0-0-0,0-0-0,0-0-0,0-0-0,0-0-0,0-0-0,    0.000,    0.000,    0.000,0.0.0.0,0/0,1,1970-01-01 02:00:00.000
2022-10-10 09:59:53,2022-10-10 09:59:53,0.315,192.168.1.30,62.169.213.169,35356,443,TCP,...APRSF,0,0,114,21839,117,53457,0,0,0,0,0,0,0,0,0.0.0.0,0.0.0.0,0,0,00:00:00:00:00:00,00:00:00:00:00:00,00:00:00:00:00:00,00:00:00:00:00:00,0-0-0,0-0-0,0-0-0,0-0-0,0-0-0,0-0-0,0-0-0,0-0-0,0-0-0,0-0-0,    0.000,    0.000,    0.000,0.0.0.0,0/0,1,1970-01-01 02:00:00.000
2022-10-10 09:59:53,2022-10-10 09:59:53,0.385,192.168.1.30,62.169.213.169,35358,443,TCP,...APRSF,0,0,111,21771,121,53665,0,0,0,0,0,0,0,0,0.0.0.0,0.0.0.0,0,0,00:00:00:00:00:00,00:00:00:00:00:00,00:00:00:00:00:00,00:00:00:00:00:00,0-0-0,0-0-0,0-0-0,0-0-0,0-0-0,0-0-0,0-0-0,0-0-0,0-0-0,0-0-0,    0.000,    0.000,    0.000,0.0.0.0,0/0,1,1970-01-01 02:00:00.000
2022-10-10 09:59:53,2022-10-10 09:59:54,0.404,192.168.1.30,62.169.213.169,35360,443,TCP,...APRSF,0,0,111,21708,114,53301,0,0,0,0,0,0,0,0,0.0.0.0,0.0.0.0,0,0,00:00:00:00:00:00,00:00:00:00:00:00,00:00:00:00:00:00,00:00:00:00:00:00,0-0-0,0-0-0,0-0-0,0-0-0,0-0-0,0-0-0,0-0-0,0-0-0,0-0-0,0-0-0,    0.000,    0.000,    0.000,0.0.0.0,0/0,1,1970-01-01 02:00:00.000
2022-10-10 09:59:54,2022-10-10 10:00:01,7.164,192.168.1.30,62.169.213.169,35362,443,TCP,...AP.SF,0,0,18,3128,18,9091,0,0,0,0,0,0,0,0,0.0.0.0,0.0.0.0,0,0,00:00:00:00:00:00,00:00:00:00:00:00,00:00:00:00:00:00,00:00:00:00:00:00,0-0-0,0-0-0,0-0-0,0-0-0,0-0-0,0-0-0,0-0-0,0-0-0,0-0-0,0-0-0,    0.000,    0.000,    0.000,0.0.0.0,0/0,1,1970-01-01 02:00:00.000
2022-10-10 09:59:54,2022-10-10 09:59:54,0.383,192.168.1.30,62.169.213.169,35364,443,TCP,...APRSF,0,0,111,21659,119,53561,0,0,0,0,0,0,0,0,0.0.0.0,0.0.0.0,0,0,00:00:00:00:00:00,00:00:00:00:00:00,00:00:00:00:00:00,00:00:00:00:00:00,0-0-0,0-0-0,0-0-0,0-0-0,0-0-0,0-0-0,0-0-0,0-0-0,0-0-0,0-0-0,    0.000,    0.000,    0.000,0.0.0.0,0/0,1,1970-01-01 02:00:00.000
2022-10-10 09:59:54,2022-10-10 09:59:55,0.333,192.168.1.30,62.169.213.169,35366,443,TCP,...APRSF,0,0,111,21716,113,53249,0,0,0,0,0,0,0,0,0.0.0.0,0.0.0.0,0,0,00:00:00:00:00:00,00:00:00:00:00:00,00:00:00:00:00:00,00:00:00:00:00:00,0-0-0,0-0-0,0-0-0,0-0-0,0-0-0,0-0-0,0-0-0,0-0-0,0-0-0,0-0-0,    0.000,    0.000,    0.000,0.0.0.0,0/0,1,1970-01-01 02:00:00.000
2022-10-10 09:59:55,2022-10-10 09:59:55,0.621,192.168.1.30,62.169.213.169,35368,443,TCP,...APRSF,0,0,111,21597,114,53301,0,0,0,0,0,0,0,0,0.0.0.0,0.0.0.0,0,0,00:00:00:00:00:00,00:00:00:00:00:00,00:00:00:00:00:00,00:00:00:00:00:00,0-0-0,0-0-0,0-0-0,0-0-0,0-0-0,0-0-0,0-0-0,0-0-0,0-0-0,0-0-0,    0.000,    0.000,    0.000,0.0.0.0,0/0,1,1970-01-01 02:00:00.000
2022-10-10 09:59:55,2022-10-10 09:59:56,1.189,192.168.1.30,62.169.213.169,35370,443,TCP,...APRSF,0,0,116,22208,121,54140,0,0,0,0,0,0,0,0,0.0.0.0,0.0.0.0,0,0,00:00:00:00:00:00,00:00:00:00:00:00,00:00:00:00:00:00,00:00:00:00:00:00,0-0-0,0-0-0,0-0-0,0-0-0,0-0-0,0-0-0,0-0-0,0-0-0,0-0-0,0-0-0,    0.000,    0.000,    0.000,0.0.0.0,0/0,1,1970-01-01 02:00:00.000
2022-10-10 09:59:56,2022-10-10 09:59:57,0.595,192.168.1.30,62.169.213.169,35374,443,TCP,...APRSF,0,0,114,21785,112,53197,0,0,0,0,0,0,0,0,0.0.0.0,0.0.0.0,0,0,00:00:00:00:00:00,00:00:00:00:00:00,00:00:00:00:00:00,00:00:00:00:00:00,0-0-0,0-0-0,0-0-0,0-0-0,0-0-0,0-0-0,0-0-0,0-0-0,0-0-0,0-0-0,    0.000,    0.000,    0.000,0.0.0.0,0/0,1,1970-01-01 02:00:00.000
2022-10-10 09:59:57,2022-10-10 09:59:57,0.336,192.168.1.30,62.169.213.169,35376,443,TCP,...APRSF,0,0,111,21656,115,53353,0,0,0,0,0,0,0,0,0.0.0.0,0.0.0.0,0,0,00:00:00:00:00:00,00:00:00:00:00:00,00:00:00:00:00:00,00:00:00:00:00:00,0-0-0,0-0-0,0-0-0,0-0-0,0-0-0,0-0-0,0-0-0,0-0-0,0-0-0,0-0-0,    0.000,    0.000,    0.000,0.0.0.0,0/0,1,1970-01-01 02:00:00.000
2022-10-10 09:59:57,2022-10-10 09:59:58,0.442,192.168.1.30,62.169.213.169,35378,443,TCP,...APRSF,0,0,112,21814,116,53405,0,0,0,0,0,0,0,0,0.0.0.0,0.0.0.0,0,0,00:00:00:00:00:00,00:00:00:00:00:00,00:00:00:00:00:00,00:00:00:00:00:00,0-0-0,0-0-0,0-0-0,0-0-0,0-0-0,0-0-0,0-0-0,0-0-0,0-0-0,0-0-0,    0.000,    0.000,    0.000,0.0.0.0,0/0,1,1970-01-01 02:00:00.000
2022-10-10 09:59:58,2022-10-10 09:59:58,0.356,192.168.1.30,62.169.213.169,35380,443,TCP,...APRSF,0,0,111,21637,114,53301,0,0,0,0,0,0,0,0,0.0.0.0,0.0.0.0,0,0,00:00:00:00:00:00,00:00:00:00:00:00,00:00:00:00:00:00,00:00:00:00:00:00,0-0-0,0-0-0,0-0-0,0-0-0,0-0-0,0-0-0,0-0-0,0-0-0,0-0-0,0-0-0,    0.000,    0.000,    0.000,0.0.0.0,0/0,1,1970-01-01 02:00:00.000
2022-10-10 09:59:58,2022-10-10 09:59:59,0.397,192.168.1.30,62.169.213.169,35382,443,TCP,...APRSF,0,0,111,21595,114,53301,0,0,0,0,0,0,0,0,0.0.0.0,0.0.0.0,0,0,00:00:00:00:00:00,00:00:00:00:00:00,00:00:00:00:00:00,00:00:00:00:00:00,0-0-0,0-0-0,0-0-0,0-0-0,0-0-0,0-0-0,0-0-0,0-0-0,0-0-0,0-0-0,    0.000,    0.000,    0.000,0.0.0.0,0/0,1,1970-01-01 02:00:00.000
2022-10-10 09:59:59,2022-10-10 09:59:59,0.340,192.168.1.30,62.169.213.169,35384,443,TCP,...APRSF,0,0,112,21721,115,53353,0,0,0,0,0,0,0,0,0.0.0.0,0.0.0.0,0,0,00:00:00:00:00:00,00:00:00:00:00:00,00:00:00:00:00:00,00:00:00:00:00:00,0-0-0,0-0-0,0-0-0,0-0-0,0-0-0,0-0-0,0-0-0,0-0-0,0-0-0,0-0-0,    0.000,    0.000,    0.000,0.0.0.0,0/0,1,1970-01-01 02:00:00.000
2022-10-10 09:59:59,2022-10-10 09:59:59,0.356,192.168.1.30,62.169.213.169,35386,443,TCP,...APRSF,0,0,111,21574,115,53353,0,0,0,0,0,0,0,0,0.0.0.0,0.0.0.0,0,0,00:00:00:00:00:00,00:00:00:00:00:00,00:00:00:00:00:00,00:00:00:00:00:00,0-0-0,0-0-0,0-0-0,0-0-0,0-0-0,0-0-0,0-0-0,0-0-0,0-0-0,0-0-0,    0.000,    0.000,    0.000,0.0.0.0,0/0,1,1970-01-01 02:00:00.000
2022-10-10 09:59:59,2022-10-10 10:00:00,0.340,192.168.1.30,62.169.213.169,35388,443,TCP,...APRSF,0,0,111,21676,114,53301,0,0,0,0,0,0,0,0,0.0.0.0,0.0.0.0,0,0,00:00:00:00:00:00,00:00:00:00:00:00,00:00:00:00:00:00,00:00:00:00:00:00,0-0-0,0-0-0,0-0-0,0-0-0,0-0-0,0-0-0,0-0-0,0-0-0,0-0-0,0-0-0,    0.000,    0.000,    0.000,0.0.0.0,0/0,1,1970-01-01 02:00:00.000
2022-10-10 10:00:00,2022-10-10 10:00:00,0.327,192.168.1.30,62.169.213.169,35390,443,TCP,...APRSF,0,0,111,21683,117,53457,0,0,0,0,0,0,0,0,0.0.0.0,0.0.0.0,0,0,00:00:00:00:00:00,00:00:00:00:00:00,00:00:00:00:00:00,00:00:00:00:00:00,0-0-0,0-0-0,0-0-0,0-0-0,0-0-0,0-0-0,0-0-0,0-0-0,0-0-0,0-0-0,    0.000,    0.000,    0.000,0.0.0.0,0/0,1,1970-01-01 02:00:00.000
2022-10-10 10:00:00,2022-10-10 10:00:01,0.934,192.168.1.30,62.169.213.169,35392,443,TCP,...APRSF,0,0,117,21965,126,59991,0,0,0,0,0,0,0,0,0.0.0.0,0.0.0.0,0,0,00:00:00:00:00:00,00:00:00:00:00:00,00:00:00:00:00:00,00:00:00:00:00:00,0-0-0,0-0-0,0-0-0,0-0-0,0-0-0,0-0-0,0-0-0,0-0-0,0-0-0,0-0-0,    0.000,    0.000,    0.000,0.0.0.0,0/0,1,1970-01-01 02:00:00.000
2022-10-10 10:00:01,2022-10-10 10:00:01,0.367,192.168.1.30,62.169.213.169,35394,443,TCP,...APRSF,0,0,111,21996,114,53301,0,0,0,0,0,0,0,0,0.0.0.0,0.0.0.0,0,0,00:00:00:00:00:00,00:00:00:00:00:00,00:00:00:00:00:00,00:00:00:00:00:00,0-0-0,0-0-0,0-0-0,0-0-0,0-0-0,0-0-0,0-0-0,0-0-0,0-0-0,0-0-0,    0.000,    0.000,    0.000,0.0.0.0,0/0,1,1970-01-01 02:00:00.000
2022-10-10 10:00:01,2022-10-10 10:00:02,0.312,192.168.1.30,62.169.213.169,35396,443,TCP,...APRSF,0,0,111,21599,112,53197,0,0,0,0,0,0,0,0,0.0.0.0,0.0.0.0,0,0,00:00:00:00:00:00,00:00:00:00:00:00,00:00:00:00:00:00,00:00:00:00:00:00,0-0-0,0-0-0,0-0-0,0-0-0,0-0-0,0-0-0,0-0-0,0-0-0,0-0-0,0-0-0,    0.000,    0.000,    0.000,0.0.0.0,0/0,1,1970-01-01 02:00:00.000
2022-10-10 10:00:02,2022-10-10 10:00:02,0.283,192.168.1.30,62.169.213.169,35398,443,TCP,...APRSF,0,0,114,22323,118,53509,0,0,0,0,0,0,0,0,0.0.0.0,0.0.0.0,0,0,00:00:00:00:00:00,00:00:00:00:00:00,00:00:00:00:00:00,00:00:00:00:00:00,0-0-0,0-0-0,0-0-0,0-0-0,0-0-0,0-0-0,0-0-0,0-0-0,0-0-0,0-0-0,    0.000,    0.000,    0.000,0.0.0.0,0/0,1,1970-01-01 02:00:00.000
2022-10-10 10:00:02,2022-10-10 10:00:02,0.321,192.168.1.30,62.169.213.169,35400,443,TCP,...APRSF,0,0,111,22010,119,53561,0,0,0,0,0,0,0,0,0.0.0.0,0.0.0.0,0,0,00:00:00:00:00:00,00:00:00:00:00:00,00:00:00:00:00:00,00:00:00:00:00:00,0-0-0,0-0-0,0-0-0,0-0-0,0-0-0,0-0-0,0-0-0,0-0-0,0-0-0,0-0-0,    0.000,    0.000,    0.000,0.0.0.0,0/0,1,1970-01-01 02:00:00.000
2022-10-10 10:00:02,2022-10-10 10:00:02,0.283,192.168.1.30,62.169.213.169,35402,443,TCP,...APRSF,0,0,111,22054,119,53661,0,0,0,0,0,0,0,0,0.0.0.0,0.0.0.0,0,0,00:00:00:00:00:00,00:00:00:00:00:00,00:00:00:00:00:00,00:00:00:00:00:00,0-0-0,0-0-0,0-0-0,0-0-0,0-0-0,0-0-0,0-0-0,0-0-0,0-0-0,0-0-0,    0.000,    0.000,    0.000,0.0.0.0,0/0,1,1970-01-01 02:00:00.000
2022-10-10 10:00:02,2022-10-10 10:00:03,0.266,192.168.1.30,62.169.213.169,35404,443,TCP,...APRSF,0,0,111,21864,120,53613,0,0,0,0,0,0,0,0,0.0.0.0,0.0.0.0,0,0,00:00:00:00:00:00,00:00:00:00:00:00,00:00:00:00:00:00,00:00:00:00:00:00,0-0-0,0-0-0,0-0-0,0-0-0,0-0-0,0-0-0,0-0-0,0-0-0,0-0-0,0-0-0,    0.000,    0.000,    0.000,0.0.0.0,0/0,1,1970-01-01 02:00:00.000
2022-10-10 10:00:03,2022-10-10 10:00:03,0.298,192.168.1.30,62.169.213.169,35406,443,TCP,...APRSF,0,0,111,21868,114,53301,0,0,0,0,0,0,0,0,0.0.0.0,0.0.0.0,0,0,00:00:00:00:00:00,00:00:00:00:00:00,00:00:00:00:00:00,00:00:00:00:00:00,0-0-0,0-0-0,0-0-0,0-0-0,0-0-0,0-0-0,0-0-0,0-0-0,0-0-0,0-0-0,    0.000,    0.000,    0.000,0.0.0.0,0/0,1,1970-01-01 02:00:00.000
2022-10-10 10:00:03,2022-10-10 10:00:03,0.331,192.168.1.30,62.169.213.169,35408,443,TCP,...APRSF,0,0,114,22096,118,53509,0,0,0,0,0,0,0,0,0.0.0.0,0.0.0.0,0,0,00:00:00:00:00:00,00:00:00:00:00:00,00:00:00:00:00:00,00:00:00:00:00:00,0-0-0,0-0-0,0-0-0,0-0-0,0-0-0,0-0-0,0-0-0,0-0-0,0-0-0,0-0-0,    0.000,    0.000,    0.000,0.0.0.0,0/0,1,1970-01-01 02:00:00.000
2022-10-10 10:00:03,2022-10-10 10:00:04,0.348,192.168.1.30,62.169.213.169,35410,443,TCP,...APRSF,0,0,111,21966,114,53301,0,0,0,0,0,0,0,0,0.0.0.0,0.0.0.0,0,0,00:00:00:00:00:00,00:00:00:00:00:00,00:00:00:00:00:00,00:00:00:00:00:00,0-0-0,0-0-0,0-0-0,0-0-0,0-0-0,0-0-0,0-0-0,0-0-0,0-0-0,0-0-0,    0.000,    0.000,    0.000,0.0.0.0,0/0,1,1970-01-01 02:00:00.000
2022-10-10 10:00:04,2022-10-10 10:00:04,0.323,192.168.1.30,62.169.213.169,35412,443,TCP,...APRSF,0,0,114,22260,119,53561,0,0,0,0,0,0,0,0,0.0.0.0,0.0.0.0,0,0,00:00:00:00:00:00,00:00:00:00:00:00,00:00:00:00:00:00,00:00:00:00:00:00,0-0-0,0-0-0,0-0-0,0-0-0,0-0-0,0-0-0,0-0-0,0-0-0,0-0-0,0-0-0,    0.000,    0.000,    0.000,0.0.0.0,0/0,1,1970-01-01 02:00:00.000
2022-10-10 10:00:04,2022-10-10 10:00:04,0.290,192.168.1.30,62.169.213.169,35414,443,TCP,...APRSF,0,0,112,22054,115,53353,0,0,0,0,0,0,0,0,0.0.0.0,0.0.0.0,0,0,00:00:00:00:00:00,00:00:00:00:00:00,00:00:00:00:00:00,00:00:00:00:00:00,0-0-0,0-0-0,0-0-0,0-0-0,0-0-0,0-0-0,0-0-0,0-0-0,0-0-0,0-0-0,    0.000,    0.000,    0.000,0.0.0.0,0/0,1,1970-01-01 02:00:00.000
2022-10-10 10:00:04,2022-10-10 10:00:05,0.279,192.168.1.30,62.169.213.169,35416,443,TCP,...APRSF,0,0,115,22141,117,53457,0,0,0,0,0,0,0,0,0.0.0.0,0.0.0.0,0,0,00:00:00:00:00:00,00:00:00:00:00:00,00:00:00:00:00:00,00:00:00:00:00:00,0-0-0,0-0-0,0-0-0,0-0-0,0-0-0,0-0-0,0-0-0,0-0-0,0-0-0,0-0-0,    0.000,    0.000,    0.000,0.0.0.0,0/0,1,1970-01-01 02:00:00.000
2022-10-10 10:00:05,2022-10-10 10:00:05,0.270,192.168.1.30,62.169.213.169,35418,443,TCP,...APRSF,0,0,113,22080,117,53457,0,0,0,0,0,0,0,0,0.0.0.0,0.0.0.0,0,0,00:00:00:00:00:00,00:00:00:00:00:00,00:00:00:00:00:00,00:00:00:00:00:00,0-0-0,0-0-0,0-0-0,0-0-0,0-0-0,0-0-0,0-0-0,0-0-0,0-0-0,0-0-0,    0.000,    0.000,    0.000,0.0.0.0,0/0,1,1970-01-01 02:00:00.000
2022-10-10 10:00:05,2022-10-10 10:00:05,0.312,192.168.1.30,62.169.213.169,35420,443,TCP,...APRSF,0,0,115,22145,119,53561,0,0,0,0,0,0,0,0,0.0.0.0,0.0.0.0,0,0,00:00:00:00:00:00,00:00:00:00:00:00,00:00:00:00:00:00,00:00:00:00:00:00,0-0-0,0-0-0,0-0-0,0-0-0,0-0-0,0-0-0,0-0-0,0-0-0,0-0-0,0-0-0,    0.000,    0.000,    0.000,0.0.0.0,0/0,1,1970-01-01 02:00:00.000
2022-10-10 10:00:05,2022-10-10 10:00:05,0.282,192.168.1.30,62.169.213.169,35422,443,TCP,...APRSF,0,0,111,21962,120,53613,0,0,0,0,0,0,0,0,0.0.0.0,0.0.0.0,0,0,00:00:00:00:00:00,00:00:00:00:00:00,00:00:00:00:00:00,00:00:00:00:00:00,0-0-0,0-0-0,0-0-0,0-0-0,0-0-0,0-0-0,0-0-0,0-0-0,0-0-0,0-0-0,    0.000,    0.000,    0.000,0.0.0.0,0/0,1,1970-01-01 02:00:00.000
2022-10-10 10:00:05,2022-10-10 10:00:06,0.650,192.168.1.30,62.169.213.169,35424,443,TCP,...APRSF,0,0,116,22143,116,53405,0,0,0,0,0,0,0,0,0.0.0.0,0.0.0.0,0,0,00:00:00:00:00:00,00:00:00:00:00:00,00:00:00:00:00:00,00:00:00:00:00:00,0-0-0,0-0-0,0-0-0,0-0-0,0-0-0,0-0-0,0-0-0,0-0-0,0-0-0,0-0-0,    0.000,    0.000,    0.000,0.0.0.0,0/0,1,1970-01-01 02:00:00.000
2022-10-10 10:00:06,2022-10-10 10:00:06,0.423,192.168.1.30,62.169.213.169,35426,443,TCP,...APRSF,0,0,114,22058,112,53197,0,0,0,0,0,0,0,0,0.0.0.0,0.0.0.0,0,0,00:00:00:00:00:00,00:00:00:00:00:00,00:00:00:00:00:00,00:00:00:00:00:00,0-0-0,0-0-0,0-0-0,0-0-0,0-0-0,0-0-0,0-0-0,0-0-0,0-0-0,0-0-0,    0.000,    0.000,    0.000,0.0.0.0,0/0,1,1970-01-01 02:00:00.000
2022-10-10 10:00:06,2022-10-10 10:00:07,0.280,192.168.1.30,62.169.213.169,35428,443,TCP,...APRSF,0,0,111,21926,115,53353,0,0,0,0,0,0,0,0,0.0.0.0,0.0.0.0,0,0,00:00:00:00:00:00,00:00:00:00:00:00,00:00:00:00:00:00,00:00:00:00:00:00,0-0-0,0-0-0,0-0-0,0-0-0,0-0-0,0-0-0,0-0-0,0-0-0,0-0-0,0-0-0,    0.000,    0.000,    0.000,0.0.0.0,0/0,1,1970-01-01 02:00:00.000
2022-10-10 10:00:07,2022-10-10 10:00:07,0.356,192.168.1.30,62.169.213.169,35430,443,TCP,...APRSF,0,0,112,21914,118,53509,0,0,0,0,0,0,0,0,0.0.0.0,0.0.0.0,0,0,00:00:00:00:00:00,00:00:00:00:00:00,00:00:00:00:00:00,00:00:00:00:00:00,0-0-0,0-0-0,0-0-0,0-0-0,0-0-0,0-0-0,0-0-0,0-0-0,0-0-0,0-0-0,    0.000,    0.000,    0.000,0.0.0.0,0/0,1,1970-01-01 02:00:00.000
2022-10-10 10:00:07,2022-10-10 10:00:07,0.292,192.168.1.30,62.169.213.169,35432,443,TCP,...APRSF,0,0,116,22131,117,53640,0,0,0,0,0,0,0,0,0.0.0.0,0.0.0.0,0,0,00:00:00:00:00:00,00:00:00:00:00:00,00:00:00:00:00:00,00:00:00:00:00:00,0-0-0,0-0-0,0-0-0,0-0-0,0-0-0,0-0-0,0-0-0,0-0-0,0-0-0,0-0-0,    0.000,    0.000,    0.000,0.0.0.0,0/0,1,1970-01-01 02:00:00.000
2022-10-10 10:00:07,2022-10-10 10:00:08,0.326,192.168.1.30,62.169.213.169,35434,443,TCP,...APRSF,0,0,114,22120,121,53665,0,0,0,0,0,0,0,0,0.0.0.0,0.0.0.0,0,0,00:00:00:00:00:00,00:00:00:00:00:00,00:00:00:00:00:00,00:00:00:00:00:00,0-0-0,0-0-0,0-0-0,0-0-0,0-0-0,0-0-0,0-0-0,0-0-0,0-0-0,0-0-0,    0.000,    0.000,    0.000,0.0.0.0,0/0,1,1970-01-01 02:00:00.000
2022-10-10 10:00:08,2022-10-10 10:00:08,0.353,192.168.1.30,62.169.213.169,35436,443,TCP,...APRSF,0,0,115,22047,118,53509,0,0,0,0,0,0,0,0,0.0.0.0,0.0.0.0,0,0,00:00:00:00:00:00,00:00:00:00:00:00,00:00:00:00:00:00,00:00:00:00:00:00,0-0-0,0-0-0,0-0-0,0-0-0,0-0-0,0-0-0,0-0-0,0-0-0,0-0-0,0-0-0,    0.000,    0.000,    0.000,0.0.0.0,0/0,1,1970-01-01 02:00:00.000
2022-10-10 10:00:08,2022-10-10 10:00:08,0.318,192.168.1.30,62.169.213.169,35438,443,TCP,...APRSF,0,0,114,22096,122,53717,0,0,0,0,0,0,0,0,0.0.0.0,0.0.0.0,0,0,00:00:00:00:00:00,00:00:00:00:00:00,00:00:00:00:00:00,00:00:00:00:00:00,0-0-0,0-0-0,0-0-0,0-0-0,0-0-0,0-0-0,0-0-0,0-0-0,0-0-0,0-0-0,    0.000,    0.000,    0.000,0.0.0.0,0/0,1,1970-01-01 02:00:00.000
2022-10-10 10:00:08,2022-10-10 10:00:09,0.377,192.168.1.30,62.169.213.169,35440,443,TCP,...APRSF,0,0,113,22062,116,53405,0,0,0,0,0,0,0,0,0.0.0.0,0.0.0.0,0,0,00:00:00:00:00:00,00:00:00:00:00:00,00:00:00:00:00:00,00:00:00:00:00:00,0-0-0,0-0-0,0-0-0,0-0-0,0-0-0,0-0-0,0-0-0,0-0-0,0-0-0,0-0-0,    0.000,    0.000,    0.000,0.0.0.0,0/0,1,1970-01-01 02:00:00.000
2022-10-10 10:00:09,2022-10-10 10:00:09,0.607,192.168.1.30,62.169.213.169,35442,443,TCP,...APRSF,0,0,111,21924,112,53197,0,0,0,0,0,0,0,0,0.0.0.0,0.0.0.0,0,0,00:00:00:00:00:00,00:00:00:00:00:00,00:00:00:00:00:00,00:00:00:00:00:00,0-0-0,0-0-0,0-0-0,0-0-0,0-0-0,0-0-0,0-0-0,0-0-0,0-0-0,0-0-0,    0.000,    0.000,    0.000,0.0.0.0,0/0,1,1970-01-01 02:00:00.000
2022-10-10 10:00:09,2022-10-10 10:00:10,0.665,192.168.1.30,62.169.213.169,35444,443,TCP,...APRSF,0,0,111,21904,111,53145,0,0,0,0,0,0,0,0,0.0.0.0,0.0.0.0,0,0,00:00:00:00:00:00,00:00:00:00:00:00,00:00:00:00:00:00,00:00:00:00:00:00,0-0-0,0-0-0,0-0-0,0-0-0,0-0-0,0-0-0,0-0-0,0-0-0,0-0-0,0-0-0,    0.000,    0.000,    0.000,0.0.0.0,0/0,1,1970-01-01 02:00:00.000
2022-10-10 10:00:10,2022-10-10 10:00:10,0.358,192.168.1.30,62.169.213.169,35446,443,TCP,...APRSF,0,0,111,21893,116,53405,0,0,0,0,0,0,0,0,0.0.0.0,0.0.0.0,0,0,00:00:00:00:00:00,00:00:00:00:00:00,00:00:00:00:00:00,00:00:00:00:00:00,0-0-0,0-0-0,0-0-0,0-0-0,0-0-0,0-0-0,0-0-0,0-0-0,0-0-0,0-0-0,    0.000,    0.000,    0.000,0.0.0.0,0/0,1,1970-01-01 02:00:00.000
2022-10-10 10:00:10,2022-10-10 10:00:11,0.357,192.168.1.30,62.169.213.169,35448,443,TCP,...APRSF,0,0,111,21984,116,53405,0,0,0,0,0,0,0,0,0.0.0.0,0.0.0.0,0,0,00:00:00:00:00:00,00:00:00:00:00:00,00:00:00:00:00:00,00:00:00:00:00:00,0-0-0,0-0-0,0-0-0,0-0-0,0-0-0,0-0-0,0-0-0,0-0-0,0-0-0,0-0-0,    0.000,    0.000,    0.000,0.0.0.0,0/0,1,1970-01-01 02:00:00.000
2022-10-10 10:00:11,2022-10-10 10:00:11,0.354,192.168.1.30,62.169.213.169,35450,443,TCP,...APRSF,0,0,111,21954,116,53405,0,0,0,0,0,0,0,0,0.0.0.0,0.0.0.0,0,0,00:00:00:00:00:00,00:00:00:00:00:00,00:00:00:00:00:00,00:00:00:00:00:00,0-0-0,0-0-0,0-0-0,0-0-0,0-0-0,0-0-0,0-0-0,0-0-0,0-0-0,0-0-0,    0.000,    0.000,    0.000,0.0.0.0,0/0,1,1970-01-01 02:00:00.000
2022-10-10 10:00:11,2022-10-10 10:00:11,0.403,192.168.1.30,62.169.213.169,35452,443,TCP,...APRSF,0,0,114,22082,119,53561,0,0,0,0,0,0,0,0,0.0.0.0,0.0.0.0,0,0,00:00:00:00:00:00,00:00:00:00:00:00,00:00:00:00:00:00,00:00:00:00:00:00,0-0-0,0-0-0,0-0-0,0-0-0,0-0-0,0-0-0,0-0-0,0-0-0,0-0-0,0-0-0,    0.000,    0.000,    0.000,0.0.0.0,0/0,1,1970-01-01 02:00:00.000
2022-10-10 10:00:11,2022-10-10 10:00:12,0.457,192.168.1.30,62.169.213.169,35456,443,TCP,...APRSF,0,0,114,22263,119,53561,0,0,0,0,0,0,0,0,0.0.0.0,0.0.0.0,0,0,00:00:00:00:00:00,00:00:00:00:00:00,00:00:00:00:00:00,00:00:00:00:00:00,0-0-0,0-0-0,0-0-0,0-0-0,0-0-0,0-0-0,0-0-0,0-0-0,0-0-0,0-0-0,    0.000,    0.000,    0.000,0.0.0.0,0/0,1,1970-01-01 02:00:00.000
2022-10-10 10:00:12,2022-10-10 10:00:12,0.383,192.168.1.30,62.169.213.169,35458,443,TCP,...APRSF,0,0,111,21918,115,53453,0,0,0,0,0,0,0,0,0.0.0.0,0.0.0.0,0,0,00:00:00:00:00:00,00:00:00:00:00:00,00:00:00:00:00:00,00:00:00:00:00:00,0-0-0,0-0-0,0-0-0,0-0-0,0-0-0,0-0-0,0-0-0,0-0-0,0-0-0,0-0-0,    0.000,    0.000,    0.000,0.0.0.0,0/0,1,1970-01-01 02:00:00.000
2022-10-10 10:00:12,2022-10-10 10:00:13,0.379,192.168.1.30,62.169.213.169,35460,443,TCP,...APRSF,0,0,112,22045,116,53405,0,0,0,0,0,0,0,0,0.0.0.0,0.0.0.0,0,0,00:00:00:00:00:00,00:00:00:00:00:00,00:00:00:00:00:00,00:00:00:00:00:00,0-0-0,0-0-0,0-0-0,0-0-0,0-0-0,0-0-0,0-0-0,0-0-0,0-0-0,0-0-0,    0.000,    0.000,    0.000,0.0.0.0,0/0,1,1970-01-01 02:00:00.000
2022-10-10 10:00:13,2022-10-10 10:00:13,0.574,192.168.1.30,62.169.213.169,35462,443,TCP,...APRSF,0,0,111,21963,113,53249,0,0,0,0,0,0,0,0,0.0.0.0,0.0.0.0,0,0,00:00:00:00:00:00,00:00:00:00:00:00,00:00:00:00:00:00,00:00:00:00:00:00,0-0-0,0-0-0,0-0-0,0-0-0,0-0-0,0-0-0,0-0-0,0-0-0,0-0-0,0-0-0,    0.000,    0.000,    0.000,0.0.0.0,0/0,1,1970-01-01 02:00:00.000
2022-10-10 10:00:13,2022-10-10 10:00:14,0.322,192.168.1.30,62.169.213.169,35464,443,TCP,...APRSF,0,0,113,22052,114,53301,0,0,0,0,0,0,0,0,0.0.0.0,0.0.0.0,0,0,00:00:00:00:00:00,00:00:00:00:00:00,00:00:00:00:00:00,00:00:00:00:00:00,0-0-0,0-0-0,0-0-0,0-0-0,0-0-0,0-0-0,0-0-0,0-0-0,0-0-0,0-0-0,    0.000,    0.000,    0.000,0.0.0.0,0/0,1,1970-01-01 02:00:00.000
2022-10-10 10:00:14,2022-10-10 10:00:14,0.287,192.168.1.30,62.169.213.169,35466,443,TCP,...APRSF,0,0,114,22210,119,53561,0,0,0,0,0,0,0,0,0.0.0.0,0.0.0.0,0,0,00:00:00:00:00:00,00:00:00:00:00:00,00:00:00:00:00:00,00:00:00:00:00:00,0-0-0,0-0-0,0-0-0,0-0-0,0-0-0,0-0-0,0-0-0,0-0-0,0-0-0,0-0-0,    0.000,    0.000,    0.000,0.0.0.0,0/0,1,1970-01-01 02:00:00.000
2022-10-10 10:00:14,2022-10-10 10:00:14,0.346,192.168.1.30,62.169.213.169,35468,443,TCP,...APRSF,0,0,111,21936,116,53405,0,0,0,0,0,0,0,0,0.0.0.0,0.0.0.0,0,0,00:00:00:00:00:00,00:00:00:00:00:00,00:00:00:00:00:00,00:00:00:00:00:00,0-0-0,0-0-0,0-0-0,0-0-0,0-0-0,0-0-0,0-0-0,0-0-0,0-0-0,0-0-0,    0.000,    0.000,    0.000,0.0.0.0,0/0,1,1970-01-01 02:00:00.000
2022-10-10 10:00:14,2022-10-10 10:00:14,0.283,192.168.1.30,62.169.213.169,35470,443,TCP,...APRSF,0,0,115,22152,119,53661,0,0,0,0,0,0,0,0,0.0.0.0,0.0.0.0,0,0,00:00:00:00:00:00,00:00:00:00:00:00,00:00:00:00:00:00,00:00:00:00:00:00,0-0-0,0-0-0,0-0-0,0-0-0,0-0-0,0-0-0,0-0-0,0-0-0,0-0-0,0-0-0,    0.000,    0.000,    0.000,0.0.0.0,0/0,1,1970-01-01 02:00:00.000
2022-10-10 10:00:14,2022-10-10 10:00:20,5.269,192.168.1.30,62.138.18.69,47426,443,TCP,...AP.SF,0,0,12,3110,11,2057,0,0,0,0,0,0,0,0,0.0.0.0,0.0.0.0,0,0,00:00:00:00:00:00,00:00:00:00:00:00,00:00:00:00:00:00,00:00:00:00:00:00,0-0-0,0-0-0,0-0-0,0-0-0,0-0-0,0-0-0,0-0-0,0-0-0,0-0-0,0-0-0,    0.000,    0.000,    0.000,0.0.0.0,0/0,1,1970-01-01 02:00:00.000
2022-10-10 10:00:14,2022-10-10 10:00:15,0.328,192.168.1.30,62.169.213.169,35472,443,TCP,...APRSF,0,0,113,22120,118,53509,0,0,0,0,0,0,0,0,0.0.0.0,0.0.0.0,0,0,00:00:00:00:00:00,00:00:00:00:00:00,00:00:00:00:00:00,00:00:00:00:00:00,0-0-0,0-0-0,0-0-0,0-0-0,0-0-0,0-0-0,0-0-0,0-0-0,0-0-0,0-0-0,    0.000,    0.000,    0.000,0.0.0.0,0/0,1,1970-01-01 02:00:00.000
2022-10-10 10:00:15,2022-10-10 10:00:16,0.865,192.168.1.30,62.169.213.169,35474,443,TCP,...APRSF,0,0,111,21965,111,53145,0,0,0,0,0,0,0,0,0.0.0.0,0.0.0.0,0,0,00:00:00:00:00:00,00:00:00:00:00:00,00:00:00:00:00:00,00:00:00:00:00:00,0-0-0,0-0-0,0-0-0,0-0-0,0-0-0,0-0-0,0-0-0,0-0-0,0-0-0,0-0-0,    0.000,    0.000,    0.000,0.0.0.0,0/0,1,1970-01-01 02:00:00.000
2022-10-10 10:00:16,2022-10-10 10:00:16,0.297,192.168.1.30,62.169.213.169,35476,443,TCP,...APRSF,0,0,111,21884,117,53457,0,0,0,0,0,0,0,0,0.0.0.0,0.0.0.0,0,0,00:00:00:00:00:00,00:00:00:00:00:00,00:00:00:00:00:00,00:00:00:00:00:00,0-0-0,0-0-0,0-0-0,0-0-0,0-0-0,0-0-0,0-0-0,0-0-0,0-0-0,0-0-0,    0.000,    0.000,    0.000,0.0.0.0,0/0,1,1970-01-01 02:00:00.000
2022-10-10 10:00:16,2022-10-10 10:00:16,0.306,192.168.1.30,62.169.213.169,35478,443,TCP,...APRSF,0,0,114,22088,114,53301,0,0,0,0,0,0,0,0,0.0.0.0,0.0.0.0,0,0,00:00:00:00:00:00,00:00:00:00:00:00,00:00:00:00:00:00,00:00:00:00:00:00,0-0-0,0-0-0,0-0-0,0-0-0,0-0-0,0-0-0,0-0-0,0-0-0,0-0-0,0-0-0,    0.000,    0.000,    0.000,0.0.0.0,0/0,1,1970-01-01 02:00:00.000
2022-10-10 10:00:16,2022-10-10 10:00:17,0.317,192.168.1.30,62.169.213.169,35480,443,TCP,...APRSF,0,0,114,22016,121,53771,0,0,0,0,0,0,0,0,0.0.0.0,0.0.0.0,0,0,00:00:00:00:00:00,00:00:00:00:00:00,00:00:00:00:00:00,00:00:00:00:00:00,0-0-0,0-0-0,0-0-0,0-0-0,0-0-0,0-0-0,0-0-0,0-0-0,0-0-0,0-0-0,    0.000,    0.000,    0.000,0.0.0.0,0/0,1,1970-01-01 02:00:00.000
2022-10-10 10:00:17,2022-10-10 10:00:17,0.292,192.168.1.30,62.169.213.169,35482,443,TCP,...APRSF,0,0,114,22103,117,53457,0,0,0,0,0,0,0,0,0.0.0.0,0.0.0.0,0,0,00:00:00:00:00:00,00:00:00:00:00:00,00:00:00:00:00:00,00:00:00:00:00:00,0-0-0,0-0-0,0-0-0,0-0-0,0-0-0,0-0-0,0-0-0,0-0-0,0-0-0,0-0-0,    0.000,    0.000,    0.000,0.0.0.0,0/0,1,1970-01-01 02:00:00.000
2022-10-10 10:00:17,2022-10-10 10:00:17,0.275,192.168.1.30,62.169.213.169,35484,443,TCP,...APRSF,0,0,112,22045,118,53509,0,0,0,0,0,0,0,0,0.0.0.0,0.0.0.0,0,0,00:00:00:00:00:00,00:00:00:00:00:00,00:00:00:00:00:00,00:00:00:00:00:00,0-0-0,0-0-0,0-0-0,0-0-0,0-0-0,0-0-0,0-0-0,0-0-0,0-0-0,0-0-0,    0.000,    0.000,    0.000,0.0.0.0,0/0,1,1970-01-01 02:00:00.000
2022-10-10 10:00:17,2022-10-10 10:00:17,0.231,192.168.1.30,62.169.213.169,35486,443,TCP,...APRSF,0,0,68,12291,72,34816,0,0,0,0,0,0,0,0,0.0.0.0,0.0.0.0,0,0,00:00:00:00:00:00,00:00:00:00:00:00,00:00:00:00:00:00,00:00:00:00:00:00,0-0-0,0-0-0,0-0-0,0-0-0,0-0-0,0-0-0,0-0-0,0-0-0,0-0-0,0-0-0,    0.000,    0.000,    0.000,0.0.0.0,0/0,1,1970-01-01 02:00:00.000
Summary
flows,bytes,packets,avg_bps,avg_pps,avg_bpp
415,36165716,56666,4218068,826,638
